title,artist,year,bpm,nrgy,dnce,dB,live,val,dur,acous,spch,pop
Sweater Weather,The Neighbourhood,2013,124.0,81.0,61.0,-3.0,10.0,40.0,240.0,5.0,3.0,95.0
Bad Habits,Ed Sheeran,2021,126.011,89.3,80.7,-3.745,36.6,53.7,230.747,4.51,3.47,95.0
good 4 u,Olivia Rodrigo,2021,166.928,66.4,56.3,-5.044,8.49,68.8,178.147,33.5,15.4,95.0
Woman,Doja Cat,2021,107.998,76.4,82.39999999999999,-4.175,11.700000000000001,88.1,172.627,8.88,8.540000000000001,95.0
Yonaguni,Bad Bunny,2021,179.951,64.8,64.4,-4.601,13.5,44.0,206.71,27.6,11.799999999999999,94.0
Another Love,Tom Odell,2013,123.0,54.0,45.0,-9.0,9.0,13.0,244.0,70.0,4.0,94.0
Heat Waves,Glass Animals,2021,80.87,52.5,76.1,-6.9,9.21,53.1,238.805,44.0,9.44,94.0
Need to Know,Doja Cat,2021,130.041,60.9,66.4,-6.509,9.26,19.400000000000002,210.56,30.4,7.07,93.0
Blinding Lights,The Weeknd,2020,171.0,73.0,51.0,-6.0,9.0,33.0,200.0,0.0,6.0,93.0
Beggin',Måneskin,2021,134.002,80.0,71.39999999999999,-4.808,35.9,58.9,211.56,12.7,5.04,93.0
Blinding Lights,The Weeknd,2021,171.005,73.0,51.4,-5.934,8.97,33.4,200.04,0.146,5.9799999999999995,93.0
drivers license,Olivia Rodrigo,2021,143.875,43.1,56.10000000000001,-8.81,10.6,13.700000000000001,242.013,76.8,5.779999999999999,92.0
STAY (with Justin Bieber),The Kid LAROI,2021,169.928,76.4,59.099999999999994,-5.484,10.299999999999999,47.8,141.806,3.83,4.83,92.0
traitor,Olivia Rodrigo,2021,100.607,33.900000000000006,38.0,-7.885,12.0,8.49,229.227,69.1,3.38,92.0
Sweater Weather,The Neighbourhood,2021,124.053,80.7,61.199999999999996,-2.81,10.100000000000001,39.800000000000004,240.4,4.95,3.36,92.0
Locked out of Heaven,Bruno Mars,2012,144.0,70.0,73.0,-4.0,31.0,87.0,233.0,5.0,4.0,91.0
Believer,Imagine Dragons,2017,125.0,78.0,78.0,-4.0,8.0,67.0,204.0,6.0,13.0,91.0
lovely (with Khalid),Billie Eilish,2018,115.0,30.0,35.0,-10.0,10.0,12.0,200.0,93.0,3.0,91.0
Lost,Frank Ocean,2012,123.0,60.0,91.0,-5.0,17.0,50.0,234.0,3.0,23.0,91.0
Locked out of Heaven,Bruno Mars,2012,144.0,70.0,73.0,-4.0,31.0,87.0,233.0,5.0,4.0,91.0
lovely (with Khalid),Billie Eilish,2018,115.0,30.0,35.0,-10.0,10.0,12.0,200.0,93.0,3.0,91.0
Peaches (feat. Daniel Caesar & Giveon),Justin Bieber,2021,90.03,69.6,67.7,-6.181,42.0,46.400000000000006,198.082,32.1,11.899999999999999,90.0
Save Your Tears,The Weeknd,2021,118.051,82.6,68.0,-5.487,54.300000000000004,64.4,215.627,2.12,3.09,90.0
Watermelon Sugar,Harry Styles,2021,95.39,81.6,54.800000000000004,-4.209,33.5,55.7,174.0,12.2,4.65,90.0
MONTERO (Call Me By Your Name),Lil Nas X,2021,178.781,50.3,59.3,-6.725,40.5,71.0,137.704,29.299999999999997,22.0,90.0
INDUSTRY BABY (feat. Jack Harlow),Lil Nas X,2021,150.087,69.1,74.1,-7.395,4.760000000000001,89.2,212.353,2.21,6.72,90.0
Watermelon Sugar,Harry Styles,2019,95.0,82.0,55.0,-4.0,34.0,56.0,174.0,12.0,5.0,90.0
deja vu,Olivia Rodrigo,2021,180.917,61.199999999999996,44.2,-7.222,37.0,17.8,215.507,58.4,11.200000000000001,90.0
All of Me,John Legend,2013,120.0,26.0,42.0,-7.0,13.0,33.0,270.0,92.0,3.0,90.0
Why'd You Only Call Me When You're High?,Arctic Monkeys,2013,92.0,63.0,69.0,-6.0,10.0,80.0,161.0,5.0,4.0,90.0
lovely (with Khalid),Billie Eilish,2018,115.0,30.0,35.0,-10.0,10.0,12.0,200.0,93.0,3.0,89.0
Perfect,Ed Sheeran,2017,95.0,45.0,60.0,-6.0,11.0,17.0,263.0,16.0,2.0,89.0
Mood (feat. iann dior),24kGoldn,2021,91.007,71.6,70.1,-3.671,32.4,73.2,140.533,17.4,3.61,89.0
The Nights,Avicii,2014,126.0,84.0,53.0,-5.0,25.0,65.0,177.0,2.0,4.0,89.0
Lucid Dreams,Juice WRLD,2018,84.0,57.0,51.0,-7.0,34.0,22.0,240.0,35.0,20.0,89.0
Someone You Loved,Lewis Capaldi,2019,110.0,41.0,50.0,-6.0,11.0,45.0,182.0,75.0,3.0,89.0
Jocelyn Flores,XXXTENTACION,2017,134.0,39.0,87.0,-9.0,30.0,44.0,119.0,47.0,24.0,89.0
Lost in the Fire (feat. The Weeknd),Gesaffelstein,2019,101.0,67.0,66.0,-12.0,12.0,17.0,202.0,9.0,4.0,89.0
Do I Wanna Know?,Arctic Monkeys,2013,85.0,53.0,55.0,-8.0,22.0,41.0,272.0,19.0,3.0,89.0
Someone You Loved,Lewis Capaldi,2019,110.0,41.0,50.0,-6.0,11.0,45.0,182.0,75.0,3.0,89.0
Mood (feat. iann dior),24kGoldn,2021,91.0,72.0,70.0,-4.0,32.0,73.0,141.0,17.0,4.0,89.0
Shape of You,Ed Sheeran,2017,96.0,65.0,83.0,-3.0,9.0,93.0,234.0,58.0,8.0,89.0
Wake Me Up,Avicii,2013,124.0,78.0,53.0,-6.0,16.0,64.0,247.0,0.0,5.0,89.0
Circles,Post Malone,2019,120.0,76.0,70.0,-3.0,9.0,55.0,215.0,19.0,4.0,89.0
Levitating (feat. DaBaby),Dua Lipa,2021,102.977,82.5,70.19999999999999,-3.787,6.74,91.5,203.064,0.8829999999999999,6.01,89.0
When I Was Your Man,Bruno Mars,2012,73.0,28.0,61.0,-9.0,9.0,39.0,214.0,93.0,4.0,89.0
No Lie,Sean Paul,2018,102.0,88.0,74.0,-3.0,21.0,46.0,221.0,5.0,12.0,89.0
Kiss Me More (feat. SZA),Doja Cat,2021,110.97,70.5,76.4,-3.463,12.0,78.10000000000001,208.667,25.900000000000002,2.8400000000000003,88.0
The Less I Know The Better,Tame Impala,2015,117.0,74.0,64.0,-4.0,17.0,79.0,216.0,1.0,3.0,88.0
The Hills,The Weeknd,2015,113.0,56.0,59.0,-7.0,14.0,14.0,242.0,7.0,5.0,88.0
Pumped Up Kicks,Foster The People,2011,128.0,71.0,73.0,-6.0,10.0,97.0,240.0,14.0,3.0,88.0
Stressed Out,Twenty One Pilots,2015,170.0,64.0,73.0,-6.0,6.0,65.0,202.0,5.0,14.0,88.0
Night Changes,One Direction,2014,120.0,52.0,67.0,-8.0,12.0,37.0,227.0,86.0,4.0,88.0
Circles,Post Malone,2019,120.0,76.0,70.0,-3.0,9.0,55.0,215.0,19.0,4.0,88.0
goosebumps,Travis Scott,2016,130.0,73.0,84.0,-3.0,15.0,43.0,244.0,8.0,5.0,88.0
Paradise,Coldplay,2011,140.0,59.0,45.0,-7.0,8.0,21.0,279.0,5.0,3.0,88.0
we fell in love in october,girl in red,2018,130.0,37.0,57.0,-13.0,16.0,24.0,184.0,11.0,3.0,88.0
Ni**as In Paris,JAY-Z,2011,140.0,86.0,79.0,-6.0,35.0,78.0,219.0,13.0,31.0,88.0
Get Lucky (feat. Pharrell Williams & Nile Rodgers) - Radio Edit,Daft Punk,2013,116.0,81.0,79.0,-9.0,10.0,86.0,248.0,4.0,4.0,88.0
Paradise,Coldplay,2011,140.0,59.0,45.0,-7.0,8.0,21.0,279.0,5.0,3.0,88.0
bad guy,Billie Eilish,2019,135.0,43.0,70.0,-11.0,10.0,56.0,194.0,33.0,38.0,88.0
Bored,Billie Eilish,2017,120.0,32.0,61.0,-13.0,8.0,11.0,181.0,90.0,5.0,88.0
positions,Ariana Grande,2021,144.015,80.2,73.7,-4.771,9.31,68.2,172.325,46.800000000000004,8.780000000000001,88.0
7 rings,Ariana Grande,2019,140.0,32.0,78.0,-11.0,9.0,33.0,179.0,59.0,33.0,88.0
Someone You Loved,Lewis Capaldi,2021,109.891,40.5,50.1,-5.679,10.5,44.6,182.161,75.1,3.19,88.0
Friday (feat. Mufasa & Hypeman) - Dopamine Re-Edit,Riton,2021,122.98,86.2,82.39999999999999,-3.424,30.3,80.10000000000001,169.153,0.76,12.6,88.0
Closer,The Chainsmokers,2016,95.0,52.0,75.0,-6.0,11.0,66.0,245.0,41.0,3.0,88.0
I WANNA BE YOUR SLAVE,Måneskin,2021,132.507,60.8,75.0,-4.008,17.8,95.8,173.347,0.165,3.8699999999999997,88.0
What Makes You Beautiful,One Direction,2012,125.0,79.0,73.0,-2.0,6.0,89.0,200.0,1.0,7.0,88.0
Starboy,The Weeknd,2016,186.0,59.0,68.0,-7.0,14.0,49.0,230.0,14.0,28.0,88.0
SAD!,XXXTENTACION,2018,75.0,61.0,74.0,-5.0,12.0,47.0,167.0,26.0,14.0,88.0
you broke me first,Tate McRae,2021,124.148,37.3,66.7,-9.389,9.06,8.23,169.266,78.5,5.0,88.0
The Business,Tiësto,2021,120.031,62.0,79.80000000000001,-7.079,11.200000000000001,23.5,164.0,41.4,23.200000000000003,88.0
Streets,Doja Cat,2021,90.035,46.300000000000004,74.9,-8.433,33.800000000000004,18.9,226.987,21.0,8.42,87.0
LA NOCHE DE ANOCHE,Bad Bunny,2021,81.993,61.8,85.6,-4.892,8.66,39.1,203.201,3.0300000000000002,28.599999999999998,87.0
Love The Way You Lie,Eminem,2010,87.0,93.0,75.0,-5.0,52.0,64.0,263.0,24.0,23.0,87.0
Talking to the Moon,Bruno Mars,2010,146.0,59.0,50.0,-5.0,11.0,8.0,218.0,51.0,3.0,87.0
Something Just Like This,The Chainsmokers,2017,103.0,64.0,62.0,-7.0,16.0,45.0,247.0,5.0,3.0,87.0
bad guy,Billie Eilish,2019,135.0,43.0,70.0,-11.0,10.0,56.0,194.0,33.0,38.0,87.0
Shallow,Lady Gaga,2018,96.0,39.0,57.0,-6.0,23.0,32.0,216.0,37.0,3.0,87.0
Maps,Maroon 5,2014,120.0,71.0,74.0,-6.0,6.0,88.0,190.0,2.0,3.0,87.0
Stereo Hearts (feat. Adam Levine),Gym Class Heroes,2011,90.0,80.0,65.0,-3.0,27.0,80.0,211.0,3.0,10.0,87.0
Classic,MKTO,2012,102.0,79.0,72.0,-5.0,16.0,76.0,175.0,4.0,12.0,87.0
Redbone,Childish Gambino,2016,160.0,34.0,74.0,-11.0,10.0,58.0,327.0,17.0,12.0,87.0
"Hey, Soul Sister",Train,2010,97.0,89.0,67.0,-4.0,8.0,80.0,217.0,19.0,4.0,87.0
Memories,Maroon 5,2021,91.0,33.0,78.0,-7.0,8.0,60.0,189.0,84.0,6.0,87.0
rockstar (feat. 21 Savage),Post Malone,2018,160.0,52.0,59.0,-6.0,13.0,13.0,218.0,12.0,7.0,87.0
Can't Hold Us (feat. Ray Dalton),Macklemore & Ryan Lewis,2012,146.0,92.0,64.0,-4.0,9.0,85.0,258.0,3.0,8.0,87.0
Lucid Dreams,Juice WRLD,2018,84.0,57.0,51.0,-7.0,34.0,22.0,240.0,35.0,20.0,87.0
goosebumps,Travis Scott,2016,130.0,73.0,84.0,-3.0,15.0,43.0,244.0,8.0,5.0,87.0
telepatía,Kali Uchis,2021,83.97,52.400000000000006,65.3,-9.016,20.3,55.300000000000004,160.191,11.200000000000001,5.0200000000000005,87.0
DÁKITI,Bad Bunny,2021,109.928,57.3,73.1,-10.059,11.3,14.499999999999998,205.09,40.1,5.4399999999999995,87.0
Safe And Sound,Capital Cities,2013,118.0,82.0,66.0,-5.0,10.0,77.0,193.0,0.0,3.0,87.0
Moonlight,XXXTENTACION,2018,128.0,54.0,92.0,-6.0,10.0,71.0,135.0,56.0,8.0,87.0
HUMBLE.,Kendrick Lamar,2017,150.0,62.0,91.0,-7.0,10.0,42.0,177.0,0.0,10.0,87.0
Thunder,Imagine Dragons,2017,168.0,82.0,61.0,-5.0,15.0,29.0,187.0,1.0,4.0,87.0
Love Yourself,Justin Bieber,2015,100.0,38.0,61.0,-10.0,28.0,52.0,234.0,84.0,44.0,87.0
SICKO MODE,Travis Scott,2018,155.0,73.0,83.0,-4.0,12.0,45.0,313.0,1.0,22.0,86.0
Stuck with U (with Justin Bieber),Ariana Grande,2020,179.0,45.0,60.0,-7.0,38.0,54.0,228.0,22.0,4.0,86.0
SICKO MODE,Travis Scott,2018,155.0,73.0,83.0,-4.0,12.0,45.0,313.0,1.0,22.0,86.0
Timber (feat. Ke$ha),Pitbull,2012,130.0,96.0,58.0,-4.0,14.0,79.0,204.0,3.0,10.0,86.0
Stay With Me,Sam Smith,2014,84.0,42.0,42.0,-6.0,11.0,18.0,173.0,59.0,4.0,86.0
I Like Me Better,Lauv,2018,92.0,51.0,75.0,-8.0,10.0,42.0,197.0,54.0,25.0,86.0
All I Want,Kodaline,2013,187.0,41.0,19.0,-10.0,8.0,16.0,306.0,17.0,5.0,86.0
Godzilla (feat. Juice WRLD),Eminem,2020,166.0,75.0,81.0,-5.0,29.0,83.0,211.0,14.0,34.0,86.0
HIGHEST IN THE ROOM,Travis Scott,2019,76.0,43.0,60.0,-9.0,21.0,6.0,176.0,5.0,3.0,86.0
Callaita,Bad Bunny,2019,176.0,62.0,61.0,-5.0,24.0,24.0,251.0,60.0,31.0,86.0
Adore You,Harry Styles,2019,99.0,77.0,68.0,-4.0,10.0,57.0,207.0,2.0,5.0,86.0
"Give Me Everything (feat. Ne-Yo, Afrojack & Nayer)",Pitbull,2011,129.0,94.0,67.0,-3.0,30.0,53.0,252.0,19.0,16.0,86.0
Summer,Calvin Harris,2014,128.0,86.0,60.0,-4.0,14.0,74.0,223.0,2.0,3.0,86.0
Before You Go,Lewis Capaldi,2019,112.0,57.0,46.0,-5.0,9.0,18.0,215.0,60.0,6.0,86.0
death bed (coffee for your head),Powfu,2020,144.0,43.0,73.0,-9.0,70.0,35.0,173.0,73.0,14.0,86.0
ROCKSTAR (feat. Roddy Ricch),DaBaby,2020,90.0,69.0,75.0,-8.0,10.0,50.0,182.0,25.0,16.0,86.0
Happier,Marshmello,2018,100.0,79.0,69.0,-3.0,17.0,67.0,214.0,19.0,5.0,86.0
Boy With Luv (feat. Halsey),BTS,2019,120.0,86.0,65.0,-5.0,19.0,80.0,230.0,9.0,8.0,86.0
Lover,Taylor Swift,2019,69.0,54.0,36.0,-8.0,12.0,45.0,221.0,49.0,9.0,86.0
Pareja Del Año,Sebastian Yatra,2021,80.015,62.2,71.5,-5.102,9.48,80.80000000000001,195.053,16.3,4.6,86.0
Treat You Better,Shawn Mendes,2017,83.0,82.0,44.0,-4.0,11.0,75.0,188.0,11.0,34.0,86.0
Thinking out Loud,Ed Sheeran,2014,79.0,45.0,78.0,-6.0,18.0,59.0,282.0,47.0,3.0,86.0
Heartbreak Anniversary,Giveon,2021,89.087,46.5,44.9,-8.964,30.3,54.300000000000004,198.371,52.400000000000006,7.91,86.0
Shut Up and Dance,WALK THE MOON,2014,128.0,87.0,58.0,-4.0,26.0,62.0,199.0,1.0,6.0,86.0
Uptown Funk (feat. Bruno Mars),Mark Ronson,2015,115.0,61.0,86.0,-7.0,3.0,93.0,270.0,1.0,8.0,86.0
Baby,Justin Bieber,2010,65.0,86.0,73.0,-5.0,11.0,54.0,214.0,4.0,14.0,86.0
One Kiss (with Dua Lipa),Calvin Harris,2018,124.0,86.0,79.0,-3.0,8.0,59.0,215.0,4.0,11.0,86.0
TiK ToK,Kesha,2010,120.0,84.0,76.0,-3.0,29.0,71.0,200.0,10.0,14.0,86.0
Unforgettable,French Montana,2017,98.0,77.0,73.0,-5.0,10.0,73.0,234.0,3.0,12.0,86.0
Hymn for the Weekend,Coldplay,2015,90.0,69.0,49.0,-6.0,33.0,41.0,258.0,21.0,4.0,86.0
Good Days,SZA,2021,121.002,65.5,43.6,-8.37,68.8,41.199999999999996,279.204,49.9,5.83,86.0
Pepas,Farruko,2021,130.001,76.6,76.2,-3.955,12.8,44.2,287.12,0.776,3.4299999999999997,86.0
Just the Way You Are,Bruno Mars,2010,109.0,84.0,64.0,-5.0,6.0,42.0,221.0,1.0,4.0,86.0
Let Me Love You,DJ Snake,2016,100.0,72.0,65.0,-5.0,14.0,16.0,206.0,9.0,3.0,86.0
That's What I Like,Bruno Mars,2016,134.0,56.0,85.0,-5.0,9.0,86.0,207.0,1.0,4.0,86.0
God's Plan,Drake,2018,77.0,45.0,75.0,-9.0,55.0,36.0,199.0,3.0,11.0,86.0
Bad Romance,Lady Gaga,2009,119.0,92.0,70.0,-4.0,8.0,71.0,295.0,0.0,4.0,86.0
Passionfruit,Drake,2017,112.0,46.0,81.0,-11.0,11.0,36.0,299.0,26.0,4.0,86.0
Leave The Door Open,Bruno Mars,2021,148.088,61.6,58.599999999999994,-7.964,9.27,71.89999999999999,242.096,18.2,3.2399999999999998,86.0
XO Tour Llif3,Lil Uzi Vert,2017,155.0,75.0,73.0,-6.0,11.0,40.0,183.0,0.0,23.0,86.0
Head & Heart (feat. MNEK),Joel Corry,2021,122.953,87.4,73.4,-3.158,4.89,90.5,166.028,16.8,6.619999999999999,86.0
Electric Love,BØRNS,2015,120.0,80.0,61.0,-8.0,26.0,52.0,218.0,1.0,5.0,86.0
Love You Like A Love Song,Selena Gomez & The Scene,2011,117.0,68.0,86.0,-4.0,7.0,92.0,188.0,8.0,5.0,85.0
Like I Can,Sam Smith,2014,100.0,63.0,66.0,-7.0,12.0,48.0,167.0,34.0,4.0,85.0
Little Talks,Of Monsters and Men,2012,103.0,76.0,46.0,-5.0,15.0,42.0,267.0,2.0,3.0,85.0
See You Again (feat. Charlie Puth),Wiz Khalifa,2015,80.0,48.0,69.0,-8.0,6.0,28.0,230.0,37.0,8.0,85.0
Heart Attack,Demi Lovato,2013,174.0,79.0,50.0,-5.0,24.0,50.0,211.0,7.0,10.0,85.0
Congratulations,Post Malone,2016,123.0,80.0,63.0,-4.0,25.0,49.0,220.0,22.0,4.0,85.0
Feel So Close - Radio Edit,Calvin Harris,2012,128.0,92.0,71.0,-3.0,20.0,92.0,206.0,0.0,3.0,85.0
EARFQUAKE,"Tyler, The Creator",2019,80.0,50.0,55.0,-9.0,80.0,41.0,190.0,23.0,7.0,85.0
WITHOUT YOU,The Kid LAROI,2021,93.005,41.3,66.2,-7.357,13.4,46.7,161.385,21.3,2.9899999999999998,85.0
LOVE. FEAT. ZACARI.,Kendrick Lamar,2017,126.0,59.0,80.0,-7.0,15.0,78.0,213.0,26.0,9.0,85.0
A Sky Full of Stars,Coldplay,2014,125.0,68.0,55.0,-6.0,21.0,16.0,268.0,1.0,3.0,85.0
"thank u, next",Ariana Grande,2019,107.0,65.0,72.0,-6.0,10.0,41.0,207.0,23.0,7.0,85.0
Ride It,Regard,2019,118.0,75.0,88.0,-4.0,11.0,88.0,158.0,18.0,9.0,85.0
Sorry,Justin Bieber,2015,100.0,76.0,65.0,-4.0,30.0,41.0,201.0,8.0,5.0,85.0
Ric Flair Drip (with Metro Boomin),Offset,2017,100.0,43.0,88.0,-8.0,11.0,33.0,173.0,15.0,21.0,85.0
Little Dark Age,MGMT,2018,98.0,71.0,71.0,-6.0,10.0,62.0,300.0,1.0,4.0,85.0
Dynamite,Taio Cruz,2010,120.0,78.0,75.0,-4.0,4.0,82.0,203.0,0.0,9.0,85.0
when the party's over,Billie Eilish,2019,83.0,11.0,37.0,-14.0,9.0,20.0,196.0,98.0,10.0,85.0
Still into You,Paramore,2013,136.0,92.0,60.0,-4.0,6.0,77.0,216.0,1.0,4.0,85.0
Time of Our Lives,Pitbull,2014,124.0,80.0,72.0,-6.0,69.0,72.0,229.0,9.0,6.0,85.0
Sugar,Maroon 5,2014,120.0,79.0,75.0,-7.0,9.0,88.0,235.0,6.0,3.0,85.0
Natural,Imagine Dragons,2018,100.0,61.0,70.0,-6.0,8.0,22.0,189.0,22.0,4.0,85.0
LOVE. FEAT. ZACARI.,Kendrick Lamar,2017,126.0,59.0,80.0,-7.0,15.0,78.0,213.0,26.0,9.0,85.0
All The Stars (with SZA),Kendrick Lamar,2018,97.0,63.0,70.0,-5.0,9.0,55.0,232.0,6.0,6.0,85.0
MIDDLE CHILD,J. Cole,2019,124.0,36.0,84.0,-12.0,27.0,46.0,214.0,15.0,28.0,85.0
Call Out My Name,The Weeknd,2018,134.0,59.0,46.0,-5.0,31.0,18.0,228.0,17.0,4.0,85.0
WAP (feat. Megan Thee Stallion),Cardi B,2020,133.0,45.0,94.0,-8.0,8.0,36.0,188.0,2.0,38.0,85.0
Only Love Can Hurt Like This,Paloma Faith,2014,91.0,89.0,57.0,-5.0,33.0,30.0,233.0,10.0,8.0,85.0
"Happy - From ""Despicable Me 2""",Pharrell Williams,2014,160.0,82.0,65.0,-5.0,9.0,96.0,233.0,22.0,18.0,85.0
Animals,Maroon 5,2014,190.0,74.0,28.0,-6.0,59.0,33.0,231.0,0.0,9.0,85.0
Ride It,Regard,2019,118.0,75.0,88.0,-4.0,11.0,88.0,158.0,18.0,9.0,85.0
Not Afraid,Eminem,2010,115.0,95.0,86.0,-1.0,21.0,67.0,248.0,53.0,26.0,85.0
Rude,MAGIC!,2014,144.0,76.0,77.0,-5.0,31.0,93.0,225.0,4.0,4.0,85.0
34+35,Ariana Grande,2021,109.978,58.5,83.0,-6.476,24.8,48.5,173.711,23.7,9.4,85.0
The Box,Roddy Ricch,2019,117.0,59.0,90.0,-7.0,79.0,64.0,197.0,10.0,6.0,85.0
Everybody Talks,Neon Trees,2012,155.0,92.0,47.0,-4.0,31.0,73.0,177.0,0.0,6.0,85.0
SICKO MODE,Travis Scott,2018,155.0,73.0,83.0,-4.0,12.0,45.0,313.0,1.0,22.0,85.0
High Hopes,Panic! At The Disco,2018,82.0,90.0,58.0,-3.0,6.0,68.0,191.0,19.0,6.0,85.0
Havana (feat. Young Thug),Camila Cabello,2018,105.0,52.0,77.0,-4.0,13.0,39.0,217.0,18.0,3.0,84.0
Robbery,Juice WRLD,2019,80.0,69.0,62.0,-5.0,15.0,57.0,240.0,33.0,5.0,84.0
Young Dumb & Broke,Khalid,2017,137.0,54.0,80.0,-6.0,17.0,39.0,203.0,20.0,4.0,84.0
Primadonna,MARINA,2012,128.0,69.0,66.0,-3.0,9.0,43.0,221.0,9.0,3.0,84.0
changes,XXXTENTACION,2018,65.0,31.0,67.0,-10.0,10.0,52.0,122.0,88.0,3.0,84.0
Don't Start Now,Dua Lipa,2019,124.0,79.0,79.0,-5.0,10.0,68.0,183.0,1.0,8.0,84.0
The Middle,Zedd,2018,107.0,66.0,75.0,-3.0,11.0,44.0,185.0,17.0,4.0,84.0
Sucker,Jonas Brothers,2019,138.0,73.0,84.0,-5.0,11.0,95.0,181.0,4.0,6.0,84.0
Needed Me,Rihanna,2016,111.0,31.0,67.0,-8.0,8.0,30.0,192.0,11.0,24.0,84.0
Don't Start Now,Dua Lipa,2021,123.95,79.3,79.3,-4.521,9.51,67.9,183.29,1.23,8.3,84.0
3 Nights,Dominic Fike,2018,152.0,52.0,82.0,-7.0,10.0,88.0,178.0,22.0,9.0,84.0
Whatever It Takes,Imagine Dragons,2017,135.0,66.0,67.0,-5.0,12.0,56.0,201.0,4.0,3.0,84.0
Sunflower - Spider-Man: Into the Spider-Verse,Post Malone,2019,90.0,52.0,76.0,-4.0,7.0,93.0,158.0,53.0,6.0,84.0
Mask Off,Future,2017,150.0,43.0,83.0,-9.0,17.0,28.0,205.0,1.0,43.0,84.0
Better Now,Post Malone,2018,145.0,58.0,68.0,-6.0,14.0,34.0,231.0,33.0,4.0,84.0
Pink + White,Frank Ocean,2016,160.0,55.0,54.0,-7.0,42.0,55.0,185.0,67.0,10.0,84.0
Nothing Breaks Like a Heart (feat. Miley Cyrus),Mark Ronson,2018,114.0,79.0,60.0,-6.0,39.0,24.0,217.0,1.0,7.0,84.0
Drag Me Down,One Direction,2015,138.0,70.0,73.0,-6.0,7.0,60.0,192.0,11.0,4.0,84.0
On The Floor,Jennifer Lopez,2011,130.0,78.0,73.0,-5.0,7.0,57.0,285.0,11.0,5.0,84.0
Yes Indeed,Lil Baby,2018,120.0,35.0,96.0,-9.0,11.0,56.0,142.0,4.0,53.0,84.0
Tongue Tied,Grouplove,2011,113.0,94.0,56.0,-6.0,16.0,37.0,218.0,1.0,4.0,84.0
Centuries,Fall Out Boy,2015,176.0,86.0,39.0,-3.0,10.0,56.0,228.0,0.0,7.0,84.0
Fireflies,Owl City,2009,180.0,66.0,51.0,-7.0,12.0,47.0,228.0,3.0,4.0,84.0
Rolling in the Deep,Adele,2011,105.0,77.0,73.0,-5.0,5.0,51.0,228.0,14.0,3.0,84.0
Breaking Me,Topic,2019,122.0,72.0,79.0,-6.0,13.0,66.0,167.0,22.0,22.0,84.0
DJ Got Us Fallin' In Love (feat. Pitbull),Usher,2010,120.0,86.0,66.0,-3.0,8.0,65.0,221.0,3.0,11.0,84.0
everything i wanted,Billie Eilish,2019,120.0,23.0,70.0,-14.0,11.0,24.0,245.0,90.0,10.0,84.0
Don't Start Now,Dua Lipa,2020,124.0,79.0,79.0,-5.0,10.0,68.0,183.0,1.0,8.0,84.0
Silence,Marshmello,2017,142.0,76.0,52.0,-3.0,17.0,29.0,181.0,26.0,9.0,84.0
Say So,Doja Cat,2019,111.0,67.0,79.0,-5.0,9.0,78.0,238.0,26.0,16.0,84.0
Steal My Girl,One Direction,2014,77.0,77.0,54.0,-6.0,11.0,55.0,228.0,0.0,3.0,84.0
Dancing On My Own,Calum Scott,2018,113.0,17.0,68.0,-9.0,10.0,23.0,260.0,84.0,3.0,84.0
This Is What You Came For (feat. Rihanna),Calvin Harris,2016,124.0,93.0,63.0,-3.0,15.0,47.0,222.0,20.0,3.0,84.0
Sure Thing,Miguel,2010,81.0,61.0,68.0,-8.0,19.0,50.0,195.0,3.0,10.0,84.0
Cake By The Ocean,DNCE,2016,119.0,75.0,77.0,-5.0,4.0,90.0,219.0,15.0,5.0,84.0
Falling,Trevor Daniel,2020,127.0,43.0,79.0,-9.0,9.0,24.0,159.0,12.0,4.0,84.0
Better Now,Post Malone,2018,145.0,58.0,68.0,-6.0,14.0,34.0,231.0,33.0,4.0,84.0
Let You Down,NF,2017,148.0,71.0,66.0,-6.0,18.0,46.0,212.0,31.0,12.0,84.0
Collard Greens,ScHoolboy Q,2014,154.0,57.0,83.0,-5.0,21.0,65.0,300.0,3.0,6.0,84.0
Waiting For Love,Avicii,2015,128.0,74.0,58.0,-4.0,20.0,61.0,231.0,31.0,5.0,84.0
Old Town Road - Remix,Lil Nas X,2019,136.0,62.0,88.0,-6.0,11.0,64.0,157.0,5.0,10.0,83.0
Ransom,Lil Tecca,2019,180.0,64.0,75.0,-6.0,7.0,23.0,131.0,2.0,29.0,83.0
In My Mind,Dynoro,2018,126.0,77.0,69.0,-5.0,12.0,16.0,185.0,18.0,15.0,83.0
More Than You Know,Axwell /\ Ingrosso,2017,123.0,74.0,65.0,-5.0,31.0,57.0,203.0,3.0,3.0,83.0
Me And My Broken Heart,Rixton,2014,174.0,78.0,55.0,-4.0,13.0,55.0,194.0,0.0,3.0,83.0
Die Young,Kesha,2012,128.0,70.0,71.0,-5.0,22.0,80.0,212.0,0.0,5.0,83.0
"Love Me Like You Do - From ""Fifty Shades Of Grey""",Ellie Goulding,2015,190.0,61.0,26.0,-7.0,13.0,28.0,253.0,25.0,5.0,83.0
Doin' Time,Lana Del Rey,2019,145.0,56.0,64.0,-11.0,9.0,52.0,202.0,40.0,4.0,83.0
Don't,Bryson Tiller,2015,97.0,36.0,77.0,-6.0,10.0,19.0,198.0,22.0,20.0,83.0
I Like It,Cardi B,2018,136.0,73.0,82.0,-4.0,37.0,65.0,253.0,10.0,13.0,83.0
7 Years,Lukas Graham,2016,120.0,47.0,77.0,-6.0,39.0,34.0,237.0,29.0,5.0,83.0
Treasure,Bruno Mars,2012,116.0,69.0,87.0,-5.0,32.0,94.0,179.0,4.0,4.0,83.0
Shower,Becky G,2014,120.0,53.0,70.0,-8.0,28.0,12.0,206.0,3.0,5.0,83.0
Location,Khalid,2017,80.0,45.0,74.0,-11.0,9.0,33.0,219.0,33.0,43.0,83.0
We Can't Stop,Miley Cyrus,2013,80.0,62.0,61.0,-6.0,37.0,48.0,231.0,1.0,3.0,83.0
Scream & Shout,will.i.am,2013,130.0,69.0,77.0,-7.0,13.0,50.0,283.0,2.0,7.0,83.0
DNA.,Kendrick Lamar,2017,140.0,52.0,64.0,-7.0,8.0,42.0,186.0,0.0,36.0,83.0
Riptide,Vance Joy,2014,102.0,73.0,48.0,-7.0,15.0,51.0,204.0,43.0,4.0,83.0
Despacito,Luis Fonsi,2019,178.0,80.0,66.0,-5.0,7.0,84.0,229.0,20.0,15.0,83.0
Best Day Of My Life,American Authors,2014,100.0,90.0,67.0,-2.0,6.0,54.0,194.0,6.0,3.0,83.0
a lot,21 Savage,2018,146.0,64.0,84.0,-8.0,34.0,27.0,289.0,4.0,9.0,83.0
Mirrors,Justin Timberlake,2013,77.0,51.0,57.0,-7.0,9.0,51.0,484.0,23.0,5.0,83.0
Don't Let Me Down,The Chainsmokers,2016,160.0,87.0,53.0,-5.0,14.0,42.0,208.0,16.0,17.0,83.0
FRIENDS,Marshmello,2018,95.0,88.0,63.0,-2.0,13.0,53.0,203.0,21.0,5.0,83.0
Don't,Bryson Tiller,2015,97.0,36.0,77.0,-6.0,10.0,19.0,198.0,22.0,20.0,83.0
Budapest,George Ezra,2014,128.0,46.0,72.0,-8.0,11.0,39.0,201.0,8.0,3.0,83.0
I Fall Apart,Post Malone,2016,144.0,54.0,56.0,-5.0,20.0,29.0,223.0,7.0,4.0,83.0
Can't Feel My Face,The Weeknd,2015,108.0,77.0,71.0,-6.0,11.0,58.0,214.0,11.0,4.0,83.0
Bang Bang,Jessie J,2014,150.0,79.0,71.0,-3.0,38.0,75.0,199.0,26.0,9.0,83.0
God is a woman,Ariana Grande,2018,145.0,66.0,60.0,-6.0,24.0,27.0,198.0,2.0,6.0,83.0
3005,Childish Gambino,2013,166.0,45.0,47.0,-7.0,9.0,64.0,234.0,11.0,33.0,83.0
IDGAF,Dua Lipa,2017,97.0,54.0,84.0,-6.0,8.0,51.0,218.0,4.0,9.0,83.0
Royals,Lorde,2013,85.0,43.0,67.0,-10.0,13.0,34.0,190.0,12.0,12.0,83.0
Pop Out (feat. Lil Tjay),Polo G,2019,168.0,64.0,77.0,-7.0,7.0,26.0,167.0,15.0,47.0,83.0
Señorita,Shawn Mendes,2019,117.0,55.0,76.0,-6.0,8.0,75.0,191.0,4.0,3.0,83.0
Down,Jay Sean,2009,132.0,68.0,73.0,-4.0,8.0,73.0,213.0,1.0,3.0,83.0
ROXANNE,Arizona Zervas,2019,117.0,60.0,62.0,-6.0,46.0,46.0,164.0,5.0,15.0,83.0
Super Bass,Nicki Minaj,2010,127.0,86.0,72.0,-4.0,60.0,67.0,200.0,27.0,20.0,83.0
If the World Was Ending (feat. Julia Michaels),JP Saxe,2019,76.0,47.0,46.0,-10.0,11.0,60.0,209.0,87.0,13.0,83.0
Going Bad (feat. Drake),Meek Mill,2018,86.0,50.0,89.0,-6.0,25.0,54.0,181.0,26.0,9.0,83.0
Alors on danse - Radio Edit,Stromae,2010,120.0,59.0,79.0,-9.0,7.0,71.0,206.0,10.0,8.0,83.0
Glad You Came,The Wanted,2011,127.0,85.0,72.0,-4.0,11.0,45.0,198.0,3.0,6.0,83.0
Wow.,Post Malone,2019,100.0,54.0,83.0,-7.0,10.0,39.0,150.0,14.0,21.0,83.0
Drive By,Train,2012,122.0,84.0,77.0,-3.0,8.0,72.0,196.0,0.0,3.0,82.0
Sunflower - Spider-Man: Into the Spider-Verse,Post Malone,2019,90.0,52.0,76.0,-4.0,7.0,93.0,158.0,53.0,6.0,82.0
Magnolia,Playboi Carti,2017,163.0,58.0,79.0,-7.0,35.0,44.0,182.0,1.0,29.0,82.0
Am I Wrong,Nico & Vinz,2014,120.0,68.0,73.0,-6.0,55.0,78.0,246.0,18.0,3.0,82.0
"Me, Myself & I",G-Eazy,2015,112.0,67.0,76.0,-7.0,16.0,39.0,251.0,2.0,10.0,82.0
Without Me,Halsey,2018,136.0,49.0,75.0,-7.0,9.0,53.0,202.0,30.0,7.0,82.0
I Knew You Were Trouble.,Taylor Swift,2012,77.0,47.0,62.0,-7.0,3.0,68.0,220.0,0.0,4.0,82.0
Team,Lorde,2013,100.0,58.0,69.0,-7.0,31.0,42.0,193.0,17.0,9.0,82.0
Savage Love (Laxed - Siren Beat),Jawsh 685,2020,150.0,48.0,77.0,-9.0,27.0,76.0,171.0,23.0,8.0,82.0
ily (i love you baby) (feat. Emilee),Surf Mesa,2019,112.0,77.0,67.0,-8.0,39.0,33.0,177.0,7.0,9.0,82.0
"Young, Wild & Free (feat. Bruno Mars)",Snoop Dogg,2011,95.0,66.0,72.0,-6.0,12.0,53.0,207.0,5.0,14.0,82.0
Tusa,KAROL G,2019,101.0,72.0,80.0,-3.0,6.0,57.0,201.0,30.0,30.0,82.0
Money In The Grave (Drake ft. Rick Ross),Drake,2019,101.0,50.0,83.0,-4.0,12.0,10.0,205.0,10.0,5.0,82.0
Grenade,Bruno Mars,2010,110.0,56.0,70.0,-7.0,11.0,25.0,222.0,15.0,5.0,82.0
Outside (feat. Ellie Goulding),Calvin Harris,2014,128.0,82.0,65.0,-4.0,32.0,42.0,227.0,21.0,4.0,82.0
Nonstop,Drake,2018,155.0,41.0,91.0,-8.0,10.0,42.0,239.0,2.0,12.0,82.0
Levels - Radio Edit,Avicii,2011,126.0,89.0,58.0,-6.0,31.0,46.0,200.0,5.0,3.0,82.0
I Feel It Coming,The Weeknd,2016,93.0,82.0,77.0,-6.0,7.0,59.0,269.0,43.0,12.0,82.0
Hotline Bling,Drake,2016,135.0,63.0,89.0,-8.0,5.0,55.0,267.0,0.0,6.0,82.0
FourFiveSeconds,Rihanna,2015,206.0,27.0,58.0,-6.0,13.0,35.0,188.0,88.0,5.0,82.0
Goodbyes (feat. Young Thug),Post Malone,2019,150.0,65.0,55.0,-4.0,10.0,16.0,175.0,46.0,8.0,82.0
MIA (feat. Drake),Bad Bunny,2018,97.0,54.0,82.0,-6.0,10.0,16.0,210.0,1.0,6.0,82.0
no tears left to cry,Ariana Grande,2018,122.0,71.0,70.0,-6.0,29.0,35.0,206.0,4.0,6.0,82.0
oui,Jeremih,2015,79.0,72.0,42.0,-4.0,11.0,60.0,238.0,21.0,10.0,82.0
Waves - Robin Schulz Radio Edit,Mr. Probz,2014,120.0,51.0,83.0,-9.0,8.0,45.0,208.0,1.0,4.0,82.0
"i hate u, i love u (feat. olivia o'brien)",Garrett Nash,2016,93.0,28.0,49.0,-13.0,10.0,18.0,251.0,69.0,30.0,82.0
Team,Lorde,2013,100.0,58.0,69.0,-7.0,31.0,42.0,193.0,17.0,9.0,82.0
Good Time,Owl City,2012,126.0,87.0,56.0,-4.0,37.0,68.0,206.0,2.0,14.0,82.0
Fiel,Los Legendarios,2021,98.005,70.1,84.89999999999999,-4.407,11.200000000000001,50.5,261.667,40.699999999999996,6.0,82.0
RAPSTAR,Polo G,2021,81.039,53.6,78.9,-6.862,12.9,43.7,165.926,41.0,24.2,82.0
I Knew You Were Trouble.,Taylor Swift,2012,77.0,47.0,62.0,-7.0,3.0,68.0,220.0,0.0,4.0,82.0
Bank Account,21 Savage,2017,75.0,35.0,88.0,-8.0,9.0,38.0,220.0,2.0,35.0,82.0
Bandido,Myke Towers,2021,168.021,61.7,71.3,-4.637,9.62,68.2,232.853,12.2,8.870000000000001,82.0
Psycho (feat. Ty Dolla $ign),Post Malone,2018,140.0,56.0,75.0,-8.0,11.0,46.0,221.0,55.0,11.0,82.0
Hey Brother,Avicii,2013,125.0,78.0,55.0,-5.0,8.0,46.0,255.0,3.0,4.0,82.0
S&M,Rihanna,2010,128.0,68.0,77.0,-5.0,9.0,84.0,244.0,1.0,4.0,82.0
Cruel Summer,Taylor Swift,2019,170.0,70.0,55.0,-6.0,11.0,56.0,178.0,12.0,16.0,82.0
24K Magic,Bruno Mars,2016,107.0,80.0,82.0,-4.0,15.0,63.0,226.0,3.0,8.0,82.0
Feel This Moment (feat. Christina Aguilera),Pitbull,2012,136.0,76.0,67.0,-4.0,34.0,54.0,230.0,4.0,16.0,82.0
Save That Shit,Lil Peep,2017,106.0,58.0,53.0,-9.0,42.0,14.0,232.0,3.0,3.0,82.0
1-800-273-8255,Logic,2017,100.0,57.0,62.0,-8.0,19.0,36.0,250.0,57.0,5.0,82.0
ZEZE (feat. Travis Scott & Offset),Kodak Black,2018,98.0,60.0,86.0,-6.0,9.0,50.0,229.0,5.0,18.0,82.0
Only Girl (In The World),Rihanna,2010,126.0,71.0,79.0,-4.0,6.0,64.0,235.0,11.0,4.0,82.0
Jealous,Labrinth,2014,117.0,15.0,44.0,-9.0,11.0,10.0,288.0,87.0,5.0,82.0
All Of The Lights,Kanye West,2010,142.0,80.0,53.0,-3.0,18.0,22.0,300.0,8.0,7.0,82.0
PILLOWTALK,ZAYN,2016,125.0,70.0,58.0,-4.0,9.0,44.0,203.0,12.0,5.0,82.0
The Monster,Eminem,2013,110.0,85.0,78.0,-4.0,12.0,62.0,250.0,5.0,7.0,81.0
Sunday Best,Surfaces,2019,112.0,53.0,88.0,-7.0,7.0,69.0,159.0,18.0,6.0,81.0
My House,Flo Rida,2015,94.0,70.0,69.0,-5.0,13.0,74.0,192.0,2.0,5.0,81.0
You Need To Calm Down,Taylor Swift,2019,85.0,67.0,77.0,-6.0,6.0,71.0,171.0,1.0,6.0,81.0
Who Says,Selena Gomez & The Scene,2011,101.0,93.0,68.0,-3.0,15.0,74.0,196.0,8.0,5.0,81.0
Hawái,Maluma,2020,180.0,73.0,78.0,-3.0,6.0,56.0,199.0,19.0,39.0,81.0
boyfriend (with Social House),Ariana Grande,2019,190.0,80.0,40.0,-4.0,16.0,70.0,186.0,12.0,46.0,81.0
"break up with your girlfriend, i'm bored",Ariana Grande,2019,170.0,55.0,73.0,-5.0,11.0,34.0,190.0,4.0,9.0,81.0
Señorita,Shawn Mendes,2019,117.0,55.0,76.0,-6.0,8.0,75.0,191.0,4.0,3.0,81.0
Mo Bamba,Sheck Wes,2018,146.0,63.0,73.0,-5.0,25.0,26.0,184.0,19.0,3.0,81.0
Power Trip (feat. Miguel),J. Cole,2013,100.0,61.0,67.0,-7.0,43.0,48.0,241.0,32.0,22.0,81.0
Te Boté - Remix,Nio Garcia,2018,97.0,68.0,90.0,-3.0,6.0,44.0,418.0,54.0,21.0,81.0
Break My Heart,Dua Lipa,2020,113.0,73.0,73.0,-3.0,35.0,47.0,222.0,17.0,9.0,81.0
No Hands (feat. Roscoe Dash & Wale),Waka Flocka Flame,2010,131.0,60.0,76.0,-6.0,24.0,36.0,264.0,1.0,4.0,81.0
Delicate,Taylor Swift,2017,95.0,40.0,75.0,-10.0,9.0,5.0,232.0,22.0,7.0,81.0
Nice For What,Drake,2018,93.0,91.0,59.0,-6.0,12.0,76.0,211.0,9.0,7.0,81.0
Raise Your Glass,P!nk,2010,122.0,71.0,70.0,-5.0,3.0,62.0,203.0,0.0,8.0,81.0
"Let Me Go (with Alesso, Florida Georgia Line & watt)",Hailee Steinfeld,2017,103.0,71.0,66.0,-4.0,8.0,74.0,175.0,3.0,5.0,81.0
Blame (feat. John Newman),Calvin Harris,2014,128.0,86.0,41.0,-4.0,34.0,35.0,213.0,3.0,8.0,81.0
Sorry Not Sorry,Demi Lovato,2017,144.0,64.0,71.0,-7.0,26.0,89.0,204.0,2.0,23.0,81.0
Best Song Ever,One Direction,2013,118.0,88.0,65.0,-3.0,8.0,49.0,200.0,2.0,5.0,81.0
What Do You Mean?,Justin Bieber,2015,125.0,57.0,85.0,-8.0,8.0,79.0,206.0,59.0,10.0,81.0
Shotgun,George Ezra,2018,116.0,74.0,67.0,-5.0,24.0,75.0,201.0,29.0,5.0,81.0
Perfect,One Direction,2015,100.0,82.0,65.0,-5.0,12.0,40.0,230.0,6.0,8.0,81.0
Way down We Go,KALEO,2016,163.0,51.0,49.0,-8.0,10.0,34.0,214.0,58.0,12.0,81.0
Love Galore (feat. Travis Scott),SZA,2017,135.0,59.0,80.0,-6.0,16.0,41.0,275.0,11.0,7.0,81.0
Chill Bill (feat. J. Davi$ & Spooks),Rob $tone,2016,108.0,43.0,89.0,-10.0,9.0,23.0,177.0,3.0,14.0,81.0
"F**kin' Problems (feat. Drake, 2 Chainz & Kendrick Lamar)",A$AP Rocky,2013,96.0,69.0,85.0,-7.0,11.0,66.0,234.0,2.0,28.0,81.0
Somebody That I Used To Know,Gotye,2011,129.0,50.0,86.0,-7.0,10.0,72.0,245.0,59.0,4.0,81.0
Just Can’t Get Enough,Black Eyed Peas,2010,94.0,63.0,66.0,-9.0,11.0,26.0,219.0,19.0,18.0,81.0
Exchange,Bryson Tiller,2015,160.0,43.0,53.0,-11.0,14.0,28.0,195.0,11.0,19.0,81.0
Work from Home (feat. Ty Dolla $ign),Fifth Harmony,2016,105.0,59.0,80.0,-6.0,6.0,59.0,214.0,10.0,4.0,81.0
My House,Flo Rida,2015,94.0,70.0,69.0,-5.0,13.0,74.0,192.0,2.0,5.0,81.0
Don't You Worry Child - Radio Edit,Swedish House Mafia,2012,129.0,84.0,61.0,-3.0,12.0,44.0,213.0,11.0,5.0,81.0
Starving,Hailee Steinfeld,2016,100.0,62.0,73.0,-4.0,11.0,51.0,182.0,38.0,6.0,81.0
Better,Khalid,2018,98.0,55.0,60.0,-10.0,10.0,11.0,229.0,8.0,10.0,81.0
Shout Out to My Ex,Little Mix,2016,126.0,75.0,77.0,-4.0,11.0,80.0,246.0,2.0,9.0,81.0
Piece Of Your Heart,MEDUZA,2019,124.0,74.0,68.0,-7.0,7.0,63.0,153.0,4.0,3.0,81.0
In the Name of Love,Martin Garrix,2016,134.0,52.0,50.0,-6.0,45.0,17.0,196.0,11.0,4.0,81.0
I Took A Pill In Ibiza - Seeb Remix,Mike Posner,2016,102.0,71.0,66.0,-7.0,8.0,71.0,198.0,4.0,11.0,81.0
Cooler Than Me - Single Mix,Mike Posner,2010,130.0,82.0,77.0,-5.0,69.0,63.0,213.0,18.0,5.0,81.0
i'm so tired...,Lauv,2020,102.0,73.0,60.0,-7.0,24.0,53.0,163.0,18.0,20.0,81.0
Club Can't Handle Me (feat. David Guetta),Flo Rida,2010,128.0,87.0,62.0,-4.0,6.0,47.0,235.0,3.0,3.0,81.0
Lemonade (feat. Gunna Don Toliver & NAV),Internet Money,2021,140.042,65.8,80.0,-6.142,11.1,46.2,195.429,25.0,7.9,81.0
"Feels (feat. Pharrell Williams, Katy Perry & Big Sean)",Calvin Harris,2017,101.0,75.0,89.0,-3.0,9.0,87.0,223.0,6.0,6.0,81.0
Thinkin Bout You,Frank Ocean,2012,130.0,34.0,72.0,-11.0,10.0,20.0,201.0,41.0,5.0,81.0
Feel It Still,Portugal. The Man,2017,79.0,80.0,80.0,-5.0,7.0,75.0,163.0,4.0,5.0,81.0
Location (feat. Burna Boy),Dave,2019,110.0,50.0,81.0,-6.0,10.0,55.0,241.0,27.0,30.0,81.0
Good Feeling,Flo Rida,2012,128.0,89.0,71.0,-4.0,31.0,68.0,248.0,6.0,7.0,81.0
Safaera,Bad Bunny,2020,96.0,83.0,61.0,-4.0,11.0,69.0,295.0,1.0,38.0,81.0
Sugar (feat. Francesco Yates),Robin Schulz,2015,123.0,82.0,64.0,-5.0,16.0,64.0,219.0,2.0,6.0,81.0
Set Fire to the Rain,Adele,2011,108.0,67.0,60.0,-4.0,11.0,45.0,243.0,0.0,2.0,81.0
BUTTERFLY EFFECT,Travis Scott,2018,141.0,63.0,76.0,-6.0,11.0,19.0,191.0,5.0,5.0,81.0
Chill Bill (feat. J. Davi$ & Spooks),Rob $tone,2016,108.0,43.0,89.0,-10.0,9.0,23.0,177.0,3.0,14.0,81.0
Take Care,Drake,2011,122.0,52.0,63.0,-10.0,9.0,30.0,277.0,3.0,27.0,81.0
"Earned It (Fifty Shades Of Grey) - From The ""Fifty Shades Of Grey"" Soundtrack",The Weeknd,2014,120.0,38.0,66.0,-6.0,10.0,43.0,252.0,39.0,3.0,81.0
Look What You Made Me Do,Taylor Swift,2017,128.0,71.0,77.0,-6.0,13.0,51.0,212.0,20.0,12.0,81.0
Renegades,X Ambassadors,2015,90.0,86.0,53.0,-6.0,23.0,53.0,195.0,1.0,9.0,80.0
Take Me to Church,Hozier,2014,129.0,66.0,57.0,-5.0,12.0,44.0,242.0,63.0,5.0,80.0
Love Me Harder,Ariana Grande,2014,99.0,71.0,47.0,-4.0,8.0,24.0,236.0,1.0,3.0,80.0
Mine,Bazzi,2018,143.0,79.0,71.0,-4.0,45.0,72.0,131.0,2.0,7.0,80.0
Caroline,Aminé,2017,120.0,34.0,94.0,-10.0,26.0,71.0,210.0,17.0,51.0,80.0
Him & I (with Halsey),G-Eazy,2017,88.0,73.0,59.0,-6.0,31.0,19.0,269.0,5.0,9.0,80.0
What the Hell,Avril Lavigne,2011,150.0,93.0,58.0,-4.0,14.0,88.0,221.0,0.0,5.0,80.0
Break Free,Ariana Grande,2014,130.0,70.0,69.0,-5.0,20.0,28.0,215.0,1.0,5.0,80.0
Eastside (with Halsey & Khalid),benny blanco,2018,89.0,68.0,56.0,-8.0,12.0,32.0,174.0,56.0,32.0,80.0
Work,Rihanna,2016,92.0,53.0,73.0,-6.0,9.0,56.0,219.0,8.0,9.0,80.0
We Found Love,Rihanna,2011,128.0,77.0,74.0,-4.0,11.0,60.0,215.0,3.0,4.0,80.0
Stay,Zedd,2017,102.0,62.0,69.0,-5.0,12.0,54.0,210.0,25.0,6.0,80.0
Airplanes (feat. Hayley Williams of Paramore),B.o.B,2010,93.0,87.0,66.0,-4.0,4.0,38.0,180.0,11.0,12.0,80.0
I Don't Fuck With You,Big Sean,2015,98.0,73.0,82.0,-5.0,33.0,40.0,284.0,4.0,6.0,80.0
Rude Boy,Rihanna,2009,174.0,75.0,56.0,-4.0,8.0,81.0,223.0,11.0,13.0,80.0
Don't Tell 'Em,Jeremih,2015,98.0,53.0,86.0,-5.0,11.0,39.0,267.0,39.0,10.0,80.0
Counting Stars,OneRepublic,2014,122.0,71.0,66.0,-5.0,12.0,48.0,258.0,7.0,4.0,80.0
Renegades,X Ambassadors,2015,90.0,86.0,53.0,-6.0,23.0,53.0,195.0,1.0,9.0,80.0
Him & I (with Halsey),G-Eazy,2017,88.0,73.0,59.0,-6.0,31.0,19.0,269.0,5.0,9.0,80.0
Black Beatles,Rae Sremmurd,2016,146.0,63.0,79.0,-6.0,13.0,36.0,292.0,14.0,6.0,80.0
Swang,Rae Sremmurd,2016,140.0,31.0,68.0,-9.0,10.0,17.0,208.0,20.0,6.0,80.0
How Deep Is Your Love,Calvin Harris,2015,122.0,87.0,74.0,-4.0,39.0,34.0,213.0,4.0,7.0,80.0
THE SCOTTS,THE SCOTTS,2020,130.0,54.0,72.0,-8.0,16.0,28.0,166.0,23.0,5.0,80.0
Headlines,Drake,2011,152.0,57.0,64.0,-7.0,9.0,43.0,236.0,37.0,11.0,80.0
Last Friday Night (T.G.I.F.),Katy Perry,2012,126.0,82.0,65.0,-4.0,67.0,77.0,231.0,0.0,4.0,80.0
Blueberry Faygo,Lil Mosey,2020,99.0,55.0,77.0,-8.0,13.0,35.0,163.0,21.0,4.0,80.0
The A Team,Ed Sheeran,2011,85.0,29.0,64.0,-10.0,18.0,41.0,258.0,67.0,4.0,80.0
Can I Be Him,James Arthur,2016,108.0,54.0,70.0,-6.0,9.0,48.0,247.0,31.0,5.0,80.0
Perfect Strangers,Jonas Blue,2018,118.0,86.0,73.0,-4.0,21.0,70.0,197.0,39.0,5.0,80.0
In My Feelings,Drake,2018,91.0,63.0,84.0,-6.0,40.0,35.0,218.0,6.0,13.0,80.0
"Sucker for Pain (with Wiz Khalifa, Imagine Dragons, Logic & Ty Dolla $ign feat. X Ambassadors)",Lil Wayne,2016,169.0,79.0,50.0,-4.0,65.0,74.0,243.0,26.0,32.0,80.0
Clarity,Zedd,2012,128.0,78.0,51.0,-3.0,7.0,18.0,271.0,4.0,7.0,80.0
Rockabye (feat. Sean Paul & Anne-Marie),Clean Bandit,2016,102.0,76.0,72.0,-4.0,18.0,74.0,251.0,41.0,5.0,80.0
We Found Love,Rihanna,2011,128.0,77.0,74.0,-4.0,11.0,60.0,215.0,3.0,4.0,80.0
Old Town Road,Lil Nas X,2019,136.0,53.0,91.0,-6.0,10.0,51.0,113.0,6.0,13.0,80.0
Sail,AWOLNATION,2011,119.0,44.0,83.0,-10.0,10.0,27.0,259.0,44.0,6.0,80.0
Nights Like This (feat. Ty Dolla $ign),Kehlani,2019,146.0,73.0,61.0,-5.0,15.0,29.0,202.0,37.0,15.0,80.0
Pure Water (with Migos),Mustard,2019,202.0,56.0,68.0,-6.0,34.0,14.0,192.0,17.0,13.0,80.0
bury a friend,Billie Eilish,2019,120.0,39.0,91.0,-15.0,11.0,20.0,193.0,74.0,33.0,80.0
Troublemaker (feat. Flo Rida),Olly Murs,2012,106.0,86.0,76.0,-4.0,13.0,97.0,186.0,2.0,6.0,80.0
We Are Never Ever Getting Back Together,Taylor Swift,2012,86.0,68.0,63.0,-6.0,12.0,75.0,193.0,1.0,9.0,80.0
Black and Yellow,Wiz Khalifa,2011,164.0,83.0,68.0,-5.0,27.0,54.0,218.0,6.0,7.0,80.0
Skyfall,Adele,2012,76.0,55.0,35.0,-7.0,11.0,8.0,286.0,42.0,3.0,80.0
Pompeii,Bastille,2013,127.0,72.0,68.0,-6.0,27.0,57.0,214.0,8.0,4.0,80.0
China,Anuel AA,2019,105.0,81.0,79.0,-4.0,8.0,61.0,302.0,8.0,9.0,80.0
Black Skinhead,Kanye West,2013,130.0,81.0,77.0,-6.0,17.0,33.0,188.0,0.0,28.0,80.0
Truth Hurts,Lizzo,2019,158.0,62.0,72.0,-3.0,12.0,41.0,173.0,11.0,11.0,80.0
Swervin (feat. 6ix9ine),A Boogie Wit da Hoodie,2018,93.0,66.0,58.0,-5.0,11.0,43.0,189.0,2.0,30.0,80.0
Never Be the Same,Camila Cabello,2018,130.0,71.0,64.0,-4.0,14.0,24.0,227.0,18.0,7.0,79.0
Drowning (feat. Kodak Black),A Boogie Wit da Hoodie,2017,129.0,81.0,84.0,-5.0,12.0,81.0,209.0,50.0,6.0,79.0
The Motto,Drake,2011,202.0,44.0,77.0,-9.0,11.0,39.0,182.0,0.0,36.0,79.0
Mercy,Kanye West,2012,140.0,50.0,56.0,-9.0,17.0,43.0,329.0,7.0,41.0,79.0
Superheroes,The Script,2014,167.0,89.0,49.0,-4.0,7.0,64.0,245.0,0.0,4.0,79.0
Please Me,Cardi B,2019,134.0,57.0,75.0,-7.0,8.0,65.0,201.0,6.0,8.0,79.0
Kill This Love,BLACKPINK,2019,132.0,84.0,76.0,-5.0,23.0,65.0,191.0,32.0,19.0,79.0
Love On Top,Beyoncé,2011,94.0,75.0,65.0,-5.0,60.0,65.0,267.0,8.0,9.0,79.0
Dark Horse,Katy Perry,2013,132.0,59.0,65.0,-6.0,17.0,35.0,216.0,0.0,5.0,79.0
Love Me Harder,Ariana Grande,2014,99.0,71.0,47.0,-4.0,8.0,24.0,236.0,1.0,3.0,79.0
Marry You,Bruno Mars,2010,145.0,82.0,62.0,-5.0,10.0,45.0,230.0,33.0,4.0,79.0
King Kunta,Kendrick Lamar,2015,107.0,66.0,88.0,-5.0,15.0,49.0,235.0,1.0,10.0,79.0
Live While We're Young,One Direction,2012,126.0,86.0,66.0,-2.0,14.0,93.0,200.0,5.0,5.0,79.0
Runaway (U & I),Galantis,2015,126.0,81.0,51.0,-4.0,9.0,38.0,227.0,1.0,5.0,79.0
Tonight Tonight,Hot Chelle Rae,2011,100.0,78.0,69.0,-5.0,16.0,81.0,200.0,8.0,12.0,79.0
Plain Jane,A$AP Ferg,2017,170.0,84.0,80.0,-5.0,9.0,52.0,174.0,7.0,28.0,79.0
Nevermind,Dennis Lloyd,2017,100.0,69.0,60.0,-8.0,41.0,8.0,157.0,16.0,20.0,79.0
Thrift Shop (feat. Wanz),Macklemore & Ryan Lewis,2012,95.0,53.0,78.0,-7.0,5.0,67.0,236.0,6.0,29.0,79.0
Secreto,Anuel AA,2019,92.0,80.0,81.0,-4.0,14.0,71.0,259.0,60.0,13.0,79.0
Ophelia,The Lumineers,2016,76.0,57.0,66.0,-7.0,9.0,57.0,160.0,61.0,3.0,79.0
679 (feat. Remy Boyz),Fetty Wap,2015,190.0,72.0,62.0,-6.0,63.0,60.0,197.0,0.0,32.0,79.0
Break Your Heart,Taio Cruz,2010,122.0,93.0,61.0,-4.0,9.0,57.0,202.0,3.0,3.0,79.0
Dance Monkey,Tones And I,2021,98.0,59.0,82.0,-6.0,15.0,51.0,209.0,69.0,9.0,79.0
Rain On Me (with Ariana Grande),Lady Gaga,2020,123.0,86.0,67.0,-4.0,32.0,65.0,182.0,2.0,4.0,79.0
Losin Control,Russ,2017,97.0,25.0,76.0,-7.0,10.0,21.0,238.0,52.0,14.0,79.0
When We Were Young,Adele,2015,144.0,60.0,38.0,-6.0,10.0,27.0,291.0,30.0,5.0,79.0
Slow Hands,Niall Horan,2017,86.0,43.0,74.0,-7.0,6.0,85.0,188.0,1.0,5.0,79.0
BURN IT DOWN,Linkin Park,2012,110.0,97.0,59.0,-4.0,7.0,59.0,230.0,1.0,5.0,79.0
Nothin' on You (feat. Bruno Mars),B.o.B,2010,104.0,85.0,69.0,-6.0,9.0,74.0,268.0,39.0,5.0,79.0
Qué Más Pues?,J Balvin,2021,102.014,81.69999999999999,90.3,-3.972,24.2,73.2,217.36,2.7199999999999998,9.5,79.0
We Are Young (feat. Janelle Monáe),fun.,2012,184.0,64.0,38.0,-6.0,8.0,74.0,251.0,2.0,8.0,79.0
When You Love Someone,James TW,2019,126.0,45.0,68.0,-6.0,5.0,35.0,217.0,26.0,3.0,79.0
Adventure of a Lifetime,Coldplay,2015,112.0,92.0,64.0,-4.0,15.0,53.0,264.0,0.0,4.0,79.0
Liability,Lorde,2017,76.0,23.0,59.0,-11.0,10.0,38.0,172.0,92.0,13.0,79.0
Intentions (feat. Quavo),Justin Bieber,2020,148.0,55.0,81.0,-7.0,10.0,87.0,213.0,30.0,6.0,79.0
Blank Space,Taylor Swift,2014,96.0,68.0,75.0,-5.0,13.0,58.0,232.0,9.0,6.0,79.0
Middle,DJ Snake,2016,105.0,70.0,58.0,-5.0,5.0,22.0,221.0,1.0,4.0,79.0
Walk It Talk It,Migos,2018,146.0,63.0,91.0,-5.0,11.0,40.0,276.0,9.0,18.0,79.0
"Honey, I'm Good.",Andy Grammer,2014,122.0,78.0,75.0,-7.0,35.0,60.0,199.0,3.0,5.0,78.0
Habits (Stay High),Tove Lo,2014,110.0,65.0,73.0,-4.0,8.0,35.0,209.0,7.0,3.0,78.0
Low Life (feat. The Weeknd),Future,2016,144.0,33.0,72.0,-8.0,15.0,10.0,314.0,34.0,7.0,78.0
My Way,Calvin Harris,2016,120.0,91.0,82.0,-3.0,16.0,54.0,219.0,9.0,4.0,78.0
Beauty And A Beat,Justin Bieber,2012,128.0,84.0,60.0,-5.0,7.0,53.0,228.0,0.0,6.0,78.0
Starships,Nicki Minaj,2011,125.0,72.0,75.0,-2.0,25.0,75.0,211.0,14.0,8.0,78.0
California Gurls,Katy Perry,2012,125.0,75.0,79.0,-4.0,16.0,43.0,235.0,0.0,6.0,78.0
Glorious (feat. Skylar Grey),Macklemore,2017,140.0,79.0,73.0,-5.0,11.0,36.0,220.0,3.0,5.0,78.0
Sky Walker (feat. Travis Scott),Miguel,2017,146.0,51.0,67.0,-11.0,9.0,18.0,259.0,17.0,4.0,78.0
Look Back at It,A Boogie Wit da Hoodie,2018,96.0,59.0,79.0,-5.0,15.0,54.0,179.0,41.0,4.0,78.0
Green Light,Lorde,2017,129.0,72.0,59.0,-8.0,9.0,25.0,235.0,2.0,10.0,78.0
Too Good,Drake,2016,118.0,65.0,79.0,-8.0,10.0,40.0,263.0,5.0,10.0,78.0
Bad and Boujee (feat. Lil Uzi Vert),Migos,2017,127.0,67.0,93.0,-5.0,12.0,17.0,343.0,6.0,24.0,78.0
Money,Cardi B,2018,130.0,59.0,95.0,-7.0,11.0,22.0,184.0,1.0,29.0,78.0
Physical,Dua Lipa,2020,147.0,84.0,65.0,-4.0,10.0,75.0,194.0,1.0,5.0,78.0
Finesse - Remix; feat. Cardi B,Bruno Mars,2017,105.0,86.0,70.0,-5.0,2.0,93.0,217.0,2.0,10.0,78.0
Bitch Better Have My Money,Rihanna,2015,103.0,73.0,78.0,-5.0,26.0,40.0,219.0,5.0,6.0,78.0
OMG (feat. will.i.am),Usher,2010,130.0,75.0,78.0,-6.0,36.0,33.0,269.0,20.0,3.0,78.0
Stole the Show,Kygo,2016,100.0,64.0,64.0,-8.0,32.0,48.0,223.0,27.0,23.0,78.0
...Ready For It?,Taylor Swift,2017,160.0,76.0,61.0,-7.0,20.0,42.0,208.0,5.0,14.0,78.0
Antidote,Travis Scott,2015,131.0,53.0,71.0,-5.0,12.0,13.0,263.0,1.0,3.0,78.0
Look Alive (feat. Drake),BlocBoy JB,2018,140.0,58.0,92.0,-7.0,11.0,60.0,181.0,0.0,27.0,78.0
Bottoms Up (feat. Nicki Minaj),Trey Songz,2010,74.0,60.0,84.0,-5.0,39.0,33.0,242.0,2.0,16.0,78.0
Demons,Imagine Dragons,2012,90.0,71.0,51.0,-3.0,33.0,43.0,175.0,19.0,3.0,78.0
Stole the Show,Kygo,2016,100.0,64.0,64.0,-8.0,32.0,48.0,223.0,27.0,23.0,78.0
Where Are Ü Now (with Justin Bieber),Jack Ü,2015,139.0,78.0,43.0,-4.0,8.0,20.0,250.0,4.0,6.0,78.0
Unsteady,X Ambassadors,2015,117.0,67.0,39.0,-6.0,12.0,20.0,194.0,18.0,6.0,78.0
Tunnel Vision,Kodak Black,2017,172.0,49.0,50.0,-8.0,12.0,23.0,268.0,6.0,29.0,78.0
Trap Queen,Fetty Wap,2015,148.0,87.0,75.0,-4.0,35.0,82.0,222.0,2.0,13.0,78.0
All Night,The Vamps,2017,145.0,80.0,54.0,-5.0,33.0,51.0,198.0,0.0,4.0,78.0
Summertime Sadness (Lana Del Rey Vs. Cedric Gervais) - Cedric Gervais Remix,Lana Del Rey,2013,126.0,81.0,57.0,-6.0,13.0,11.0,215.0,2.0,6.0,78.0
Cool for the Summer,Demi Lovato,2015,114.0,61.0,58.0,-6.0,14.0,34.0,215.0,0.0,4.0,78.0
Magic,Coldplay,2014,93.0,48.0,74.0,-9.0,11.0,35.0,285.0,3.0,4.0,78.0
Unsteady,X Ambassadors,2015,117.0,67.0,39.0,-6.0,12.0,20.0,194.0,18.0,6.0,78.0
If I Can't Have You,Shawn Mendes,2019,124.0,81.0,69.0,-4.0,15.0,86.0,191.0,52.0,6.0,78.0
Good Life,OneRepublic,2009,95.0,69.0,63.0,-8.0,13.0,65.0,253.0,8.0,5.0,78.0
The One That Got Away,Katy Perry,2012,134.0,79.0,69.0,-4.0,20.0,86.0,227.0,0.0,4.0,78.0
Arcade,Duncan Laurence,2021,72.017,35.0,45.300000000000004,-11.639,14.399999999999999,27.900000000000002,185.147,82.69999999999999,4.25,78.0
Taste (feat. Offset),Tyga,2018,98.0,56.0,88.0,-7.0,10.0,34.0,233.0,2.0,12.0,78.0
Fake Love,Drake,2017,134.0,48.0,93.0,-9.0,18.0,61.0,211.0,11.0,29.0,78.0
Hot N*gga,Bobby Shmurda,2014,168.0,51.0,79.0,-7.0,6.0,18.0,195.0,5.0,42.0,78.0
Roses,The Chainsmokers,2015,100.0,80.0,71.0,-7.0,31.0,34.0,227.0,4.0,6.0,78.0
Ain't It Fun,Paramore,2013,104.0,89.0,61.0,-4.0,2.0,67.0,297.0,15.0,9.0,78.0
Never Forget You,Zara Larsson,2017,146.0,73.0,58.0,-6.0,27.0,28.0,213.0,0.0,5.0,78.0
Ain't It Fun,Paramore,2013,104.0,89.0,61.0,-4.0,2.0,67.0,297.0,15.0,9.0,78.0
Problem,Ariana Grande,2014,103.0,81.0,66.0,-5.0,16.0,63.0,194.0,2.0,15.0,78.0
Love Lies (with Normani),Khalid,2018,144.0,65.0,71.0,-6.0,13.0,34.0,202.0,10.0,4.0,78.0
Replay,Iyaz,2009,91.0,75.0,71.0,-6.0,17.0,20.0,182.0,17.0,7.0,78.0
Part Of Me,Katy Perry,2012,130.0,92.0,68.0,-5.0,7.0,77.0,216.0,0.0,4.0,78.0
All About That Bass,Meghan Trainor,2015,134.0,89.0,81.0,-4.0,12.0,96.0,188.0,6.0,5.0,78.0
This Feeling,The Chainsmokers,2018,105.0,57.0,57.0,-8.0,9.0,45.0,198.0,6.0,4.0,78.0
She Looks So Perfect,5 Seconds of Summer,2014,160.0,95.0,49.0,-4.0,33.0,44.0,202.0,0.0,13.0,78.0
Loyal (feat. Lil Wayne & Tyga),Chris Brown,2014,99.0,52.0,84.0,-6.0,19.0,62.0,265.0,2.0,5.0,78.0
Don't,Ed Sheeran,2014,95.0,61.0,81.0,-7.0,64.0,85.0,220.0,1.0,7.0,78.0
Stolen Dance,Milky Chance,2014,114.0,58.0,89.0,-9.0,8.0,73.0,314.0,43.0,4.0,78.0
My Love (feat. Jess Glynne),Route 94,2014,120.0,62.0,81.0,-8.0,7.0,73.0,260.0,0.0,5.0,78.0
Slide (feat. Frank Ocean & Migos),Calvin Harris,2017,104.0,80.0,74.0,-3.0,25.0,51.0,231.0,50.0,5.0,77.0
Hurts So Good,Astrid S,2021,120.0,63.0,67.0,-5.0,9.0,42.0,209.0,8.0,5.0,77.0
1950,King Princess,2018,72.0,54.0,60.0,-7.0,16.0,27.0,225.0,65.0,11.0,77.0
Skinny Love,Birdy,2011,166.0,29.0,38.0,-8.0,12.0,17.0,201.0,95.0,5.0,77.0
Prayer in C - Robin Schulz Radio Edit,Lilly Wood and The Prick,2014,123.0,88.0,76.0,-6.0,60.0,80.0,189.0,2.0,3.0,77.0
We R Who We R,Kesha,2010,120.0,82.0,74.0,-5.0,12.0,65.0,205.0,1.0,4.0,77.0
emotions,iann dior,2019,81.0,63.0,63.0,-6.0,14.0,16.0,131.0,1.0,4.0,77.0
How to Be a Heartbreaker,MARINA,2012,140.0,90.0,69.0,-5.0,11.0,85.0,221.0,1.0,5.0,77.0
Bodak Yellow,Cardi B,2018,125.0,70.0,93.0,-6.0,23.0,49.0,224.0,7.0,10.0,77.0
Ho Hey,The Lumineers,2012,80.0,47.0,69.0,-9.0,9.0,35.0,163.0,79.0,3.0,77.0
Breezeblocks,alt-J,2012,150.0,66.0,62.0,-7.0,21.0,29.0,227.0,10.0,3.0,77.0
Hello,Adele,2015,79.0,43.0,58.0,-6.0,9.0,29.0,296.0,33.0,3.0,77.0
Send My Love (To Your New Lover),Adele,2015,164.0,53.0,69.0,-8.0,17.0,57.0,223.0,4.0,9.0,77.0
Paris,The Chainsmokers,2017,100.0,66.0,65.0,-6.0,9.0,22.0,222.0,2.0,3.0,77.0
MotorSport,Migos,2018,138.0,52.0,90.0,-5.0,33.0,19.0,303.0,3.0,18.0,77.0
Suge,DaBaby,2019,75.0,66.0,88.0,-6.0,13.0,84.0,163.0,6.0,43.0,77.0
6 Foot 7 Foot,Lil Wayne,2011,79.0,75.0,37.0,-5.0,32.0,60.0,249.0,0.0,30.0,77.0
Ready or Not,Bridgit Mendler,2012,93.0,87.0,72.0,-4.0,11.0,75.0,201.0,0.0,5.0,77.0
Billionaire (feat. Bruno Mars),Travie McCoy,2010,87.0,67.0,63.0,-6.0,21.0,66.0,211.0,30.0,26.0,77.0
Rather Be (feat. Jess Glynne),Clean Bandit,2014,121.0,59.0,80.0,-7.0,19.0,55.0,228.0,16.0,4.0,77.0
"CAN'T STOP THE FEELING! (from DreamWorks Animation's ""TROLLS"")",Justin Timberlake,2016,113.0,83.0,67.0,-6.0,10.0,70.0,238.0,1.0,7.0,77.0
"Home (with Machine Gun Kelly, X Ambassadors & Bebe Rexha)",Machine Gun Kelly,2017,82.0,72.0,65.0,-5.0,5.0,22.0,203.0,0.0,21.0,77.0
Body,Loud Luxury,2017,122.0,76.0,75.0,-4.0,5.0,58.0,163.0,5.0,4.0,77.0
No Type,Rae Sremmurd,2015,125.0,49.0,89.0,-8.0,9.0,24.0,200.0,2.0,16.0,77.0
It's A Vibe,2 Chainz,2017,73.0,50.0,82.0,-7.0,11.0,53.0,210.0,3.0,15.0,77.0
Gangnam Style (강남스타일),PSY,2012,132.0,94.0,73.0,-3.0,9.0,75.0,219.0,0.0,29.0,77.0
Under Control (feat. Hurts),Calvin Harris,2014,126.0,92.0,54.0,-3.0,12.0,51.0,184.0,13.0,8.0,77.0
Too Good At Goodbyes,Sam Smith,2017,92.0,37.0,68.0,-8.0,17.0,48.0,201.0,64.0,4.0,77.0
Dynamite,BTS,2020,114.0,77.0,75.0,-4.0,9.0,74.0,199.0,1.0,10.0,77.0
One Thing Right,Marshmello,2019,88.0,63.0,66.0,-2.0,58.0,44.0,182.0,6.0,5.0,77.0
Die A Happy Man,Thomas Rhett,2015,166.0,39.0,60.0,-9.0,12.0,40.0,227.0,42.0,3.0,77.0
Trip,Ella Mai,2018,80.0,61.0,48.0,-6.0,11.0,36.0,214.0,23.0,14.0,77.0
The Lazy Song,Bruno Mars,2010,175.0,71.0,79.0,-5.0,10.0,96.0,189.0,30.0,7.0,77.0
The Greatest Show,Hugh Jackman,2017,158.0,82.0,42.0,-7.0,7.0,40.0,302.0,0.0,11.0,77.0
Fast Car,Jonas Blue,2018,114.0,58.0,67.0,-7.0,31.0,55.0,212.0,47.0,6.0,77.0
Here With Me,Marshmello,2019,100.0,56.0,79.0,-4.0,16.0,18.0,156.0,6.0,4.0,77.0
I Know What You Did Last Summer,Shawn Mendes,2015,114.0,76.0,69.0,-5.0,15.0,74.0,224.0,10.0,9.0,77.0
Most Girls,Hailee Steinfeld,2017,103.0,57.0,76.0,-7.0,9.0,42.0,204.0,5.0,8.0,77.0
Look At Me Now (feat. Lil' Wayne & Busta Rhymes),Chris Brown,2011,146.0,68.0,77.0,-6.0,14.0,54.0,223.0,3.0,18.0,77.0
2 On (feat. ScHoolboy Q),Tinashe,2014,101.0,60.0,74.0,-8.0,11.0,43.0,227.0,15.0,11.0,77.0
I Need A Doctor,Dr. Dre,2011,156.0,95.0,59.0,-5.0,31.0,40.0,284.0,9.0,45.0,77.0
All My Friends (feat. Tinashe & Chance the Rapper),Snakehips,2015,95.0,52.0,68.0,-6.0,11.0,18.0,230.0,12.0,14.0,77.0
River (feat. Ed Sheeran),Eminem,2017,90.0,75.0,75.0,-6.0,7.0,66.0,221.0,14.0,52.0,77.0
Jar of Hearts,Christina Perri,2011,75.0,35.0,35.0,-6.0,12.0,9.0,247.0,73.0,3.0,77.0
Let's Fall in Love for the Night,FINNEAS,2018,128.0,41.0,74.0,-8.0,17.0,37.0,190.0,80.0,10.0,77.0
Shake It Off,Taylor Swift,2014,160.0,79.0,65.0,-5.0,15.0,94.0,219.0,6.0,17.0,77.0
Bad At Love,Halsey,2017,118.0,75.0,68.0,-4.0,9.0,61.0,181.0,6.0,3.0,77.0
Good as Hell,Lizzo,2019,96.0,92.0,68.0,-3.0,44.0,54.0,160.0,26.0,9.0,77.0
Down On Me,Jeremih,2010,160.0,60.0,70.0,-8.0,11.0,59.0,228.0,4.0,11.0,77.0
Vaina Loca,Ozuna,2018,94.0,81.0,75.0,-4.0,20.0,56.0,176.0,32.0,8.0,77.0
Lost Boy,Ruth B.,2015,124.0,6.0,71.0,-15.0,9.0,35.0,275.0,97.0,5.0,77.0
Springsteen,Eric Church,2011,104.0,81.0,69.0,-6.0,19.0,93.0,263.0,10.0,3.0,77.0
How Long,Charlie Puth,2018,110.0,56.0,85.0,-5.0,4.0,81.0,201.0,21.0,8.0,77.0
Bodak Yellow,Cardi B,2018,125.0,70.0,93.0,-6.0,23.0,49.0,224.0,7.0,10.0,77.0
Dirt Road Anthem,Jason Aldean,2010,127.0,74.0,68.0,-5.0,12.0,64.0,229.0,35.0,4.0,77.0
All My Friends (feat. Tinashe & Chance the Rapper),Snakehips,2015,95.0,52.0,68.0,-6.0,11.0,18.0,230.0,12.0,14.0,77.0
History,One Direction,2015,87.0,70.0,66.0,-4.0,6.0,80.0,187.0,4.0,5.0,77.0
Astronaut In The Ocean,Masked Wolf,2021,149.996,69.5,77.8,-6.865,15.0,47.199999999999996,132.78,17.5,9.13,77.0
My Songs Know What You Did In The Dark (Light Em Up),Fall Out Boy,2013,152.0,92.0,56.0,-4.0,54.0,57.0,187.0,3.0,6.0,77.0
Malibu,Miley Cyrus,2017,140.0,78.0,57.0,-6.0,8.0,34.0,232.0,8.0,6.0,77.0
do re mi,blackbear,2017,111.0,59.0,75.0,-6.0,12.0,17.0,212.0,1.0,5.0,77.0
Radioactive,Imagine Dragons,2012,136.0,78.0,45.0,-4.0,67.0,24.0,187.0,11.0,6.0,77.0
Plug Walk,Rich The Kid,2018,95.0,52.0,88.0,-7.0,11.0,16.0,175.0,20.0,14.0,77.0
Bohemian Rhapsody - Remastered 2011,Queen,1975,144.0,40.0,39.0,-10.0,24.0,23.0,354.0,29.0,5.0,77.0
Lego House,Ed Sheeran,2011,160.0,64.0,59.0,-8.0,13.0,56.0,185.0,56.0,10.0,77.0
Ho Hey,The Lumineers,2012,80.0,47.0,69.0,-9.0,9.0,35.0,163.0,79.0,3.0,77.0
Spotlight,Marshmello,2018,150.0,82.0,55.0,-4.0,74.0,62.0,178.0,1.0,15.0,76.0
Talk (feat. Disclosure),Khalid,2019,136.0,40.0,90.0,-9.0,6.0,35.0,198.0,5.0,13.0,76.0
Turn Down for What,DJ Snake,2013,100.0,80.0,82.0,-4.0,6.0,8.0,214.0,0.0,16.0,76.0
Man Of The Year,ScHoolboy Q,2014,112.0,87.0,75.0,-5.0,20.0,37.0,216.0,1.0,4.0,76.0
Life Is Good (feat. Drake),Future,2020,142.0,57.0,80.0,-7.0,15.0,54.0,238.0,7.0,49.0,76.0
Swimming Pools (Drank) - Extended Version,Kendrick Lamar,2012,74.0,49.0,72.0,-8.0,60.0,26.0,314.0,12.0,40.0,76.0
Some Nights,fun.,2012,108.0,74.0,67.0,-7.0,9.0,39.0,277.0,2.0,5.0,76.0
Hey Baby (Drop It to the Floor) (feat. T-Pain),Pitbull,2011,128.0,91.0,60.0,-3.0,26.0,76.0,234.0,4.0,9.0,76.0
broken,lovelytheband,2018,123.0,73.0,67.0,-6.0,4.0,51.0,205.0,0.0,4.0,76.0
Only Human,Jonas Brothers,2019,94.0,50.0,80.0,-6.0,6.0,87.0,183.0,11.0,7.0,76.0
"Sit Still, Look Pretty",Daya,2016,182.0,74.0,66.0,-4.0,11.0,54.0,202.0,14.0,27.0,76.0
Bad Things (with Camila Cabello),Machine Gun Kelly,2017,138.0,69.0,70.0,-5.0,19.0,31.0,239.0,21.0,15.0,76.0
Déjala Que Vuelva (feat. Manuel Turizo),Piso 21,2018,170.0,79.0,68.0,-4.0,8.0,84.0,220.0,5.0,8.0,76.0
Bounce Back,Big Sean,2017,82.0,57.0,78.0,-6.0,13.0,27.0,222.0,11.0,14.0,76.0
Post to Be (feat. Chris Brown & Jhene Aiko),Omarion,2014,97.0,68.0,73.0,-6.0,21.0,70.0,227.0,7.0,4.0,76.0
In The Night,The Weeknd,2015,168.0,68.0,51.0,-5.0,5.0,54.0,236.0,8.0,7.0,76.0
Jumpman,Drake,2015,142.0,55.0,85.0,-7.0,33.0,66.0,206.0,6.0,19.0,76.0
Jackie Chan,Tiësto,2018,128.0,83.0,75.0,-3.0,6.0,69.0,216.0,37.0,5.0,76.0
Adan y Eva,Paulo Londra,2019,172.0,71.0,77.0,-4.0,7.0,72.0,257.0,32.0,34.0,76.0
Call Me Maybe,Carly Rae Jepsen,2012,120.0,58.0,78.0,-7.0,11.0,66.0,193.0,1.0,4.0,76.0
"Hold On, We're Going Home",Drake,2013,100.0,41.0,78.0,-7.0,7.0,29.0,228.0,0.0,9.0,76.0
It Girl,Jason Derulo,2011,92.0,72.0,67.0,-5.0,10.0,35.0,192.0,2.0,6.0,76.0
ELEMENT.,Kendrick Lamar,2017,190.0,71.0,75.0,-5.0,25.0,48.0,209.0,20.0,49.0,76.0
Ayo,Chris Brown,2015,98.0,56.0,82.0,-5.0,9.0,68.0,225.0,4.0,4.0,76.0
Lean On,Major Lazer,2015,98.0,81.0,72.0,-3.0,56.0,27.0,177.0,0.0,6.0,76.0
"King's Dead (with Kendrick Lamar, Future & James Blake)",Jay Rock,2018,137.0,71.0,65.0,-5.0,13.0,38.0,230.0,0.0,30.0,76.0
Teenage Dream,Katy Perry,2010,120.0,80.0,72.0,-5.0,13.0,59.0,228.0,2.0,4.0,76.0
Otro Trago,Sech,2019,176.0,70.0,75.0,-5.0,11.0,62.0,226.0,14.0,34.0,76.0
No Limit,G-Eazy,2017,176.0,77.0,84.0,-4.0,9.0,41.0,245.0,1.0,24.0,76.0
Somebody Else,The 1975,2016,101.0,79.0,61.0,-6.0,15.0,47.0,348.0,20.0,6.0,76.0
My Type,Saweetie,2019,105.0,81.0,90.0,-6.0,7.0,59.0,126.0,0.0,26.0,76.0
Midnight City,M83,2011,105.0,71.0,53.0,-7.0,18.0,32.0,241.0,2.0,4.0,76.0
True Love (feat. Lily Allen),P!nk,2012,192.0,82.0,46.0,-5.0,11.0,58.0,231.0,0.0,31.0,76.0
Where Have You Been,Rihanna,2011,128.0,85.0,72.0,-6.0,22.0,44.0,243.0,0.0,9.0,76.0
Panini,Lil Nas X,2019,154.0,59.0,70.0,-6.0,12.0,48.0,115.0,34.0,8.0,76.0
BedRock,Young Money,2009,148.0,66.0,73.0,-6.0,19.0,56.0,288.0,10.0,30.0,76.0
Wildest Dreams,Taylor Swift,2014,140.0,67.0,55.0,-7.0,11.0,47.0,220.0,7.0,7.0,76.0
Work Bitch,Britney Spears,2013,128.0,82.0,63.0,-7.0,7.0,85.0,248.0,16.0,16.0,76.0
Sweet Nothing (feat. Florence Welch),Calvin Harris,2012,128.0,93.0,57.0,-4.0,6.0,58.0,213.0,20.0,11.0,76.0
Motivation,Normani,2019,171.0,89.0,60.0,-4.0,30.0,88.0,194.0,2.0,10.0,76.0
"Gone, Gone, Gone",Phillip Phillips,2013,118.0,64.0,66.0,-6.0,11.0,50.0,210.0,13.0,4.0,76.0
The Show Goes On,Lupe Fiasco,2011,143.0,89.0,59.0,-4.0,16.0,65.0,240.0,2.0,12.0,76.0
Animal,Neon Trees,2010,148.0,83.0,48.0,-6.0,37.0,74.0,212.0,0.0,4.0,76.0
Cool Kids,Echosmith,2013,130.0,67.0,72.0,-6.0,12.0,79.0,238.0,4.0,3.0,76.0
iSpy (feat. Lil Yachty),KYLE,2016,75.0,65.0,75.0,-7.0,23.0,67.0,253.0,38.0,29.0,76.0
Alone,Marshmello,2016,142.0,95.0,63.0,-4.0,11.0,42.0,274.0,2.0,3.0,76.0
What You Know,Two Door Cinema Club,2010,139.0,74.0,56.0,-4.0,8.0,78.0,192.0,0.0,4.0,76.0
What's My Name?,Rihanna,2010,100.0,78.0,69.0,-3.0,8.0,56.0,263.0,18.0,7.0,75.0
Like A G6,Far East Movement,2010,125.0,84.0,44.0,-8.0,12.0,78.0,217.0,1.0,45.0,75.0
Million Voices - Radio Edit,Otto Knows,2012,126.0,89.0,58.0,-6.0,7.0,7.0,193.0,0.0,4.0,75.0
Telephone,Lady Gaga,2009,122.0,84.0,82.0,-6.0,11.0,72.0,221.0,1.0,4.0,75.0
Your Love Is My Drug,Kesha,2010,120.0,61.0,83.0,-4.0,9.0,76.0,187.0,1.0,10.0,75.0
Sit Next to Me,Foster The People,2017,97.0,74.0,64.0,-5.0,69.0,66.0,243.0,12.0,3.0,75.0
Bangarang (feat. Sirah),Skrillex,2011,110.0,97.0,72.0,-2.0,32.0,58.0,215.0,1.0,20.0,75.0
The Time (Dirty Bit),Black Eyed Peas,2010,128.0,81.0,82.0,-8.0,60.0,44.0,308.0,7.0,7.0,75.0
The Ocean (feat. Shy Martin),Mike Perry,2016,90.0,57.0,63.0,-6.0,10.0,19.0,183.0,2.0,3.0,75.0
Strip That Down (feat. Quavo),Liam Payne,2019,106.0,50.0,87.0,-5.0,8.0,55.0,202.0,20.0,5.0,75.0
NO,Meghan Trainor,2017,92.0,80.0,56.0,-4.0,74.0,66.0,214.0,1.0,21.0,75.0
What's My Name?,Rihanna,2010,100.0,78.0,69.0,-3.0,8.0,56.0,263.0,18.0,7.0,75.0
Sunset Lover,Petit Biscuit,2015,91.0,47.0,78.0,-9.0,11.0,24.0,238.0,73.0,5.0,75.0
Sing,Ed Sheeran,2014,120.0,67.0,82.0,-4.0,6.0,94.0,235.0,30.0,5.0,75.0
Spirits,The Strumbellas,2016,81.0,66.0,56.0,-6.0,11.0,79.0,204.0,16.0,3.0,75.0
GDFR (feat. Sage the Gemini & Lookas),Flo Rida,2015,146.0,83.0,66.0,-4.0,7.0,69.0,190.0,0.0,7.0,75.0
This Is America,Childish Gambino,2018,120.0,46.0,85.0,-6.0,35.0,55.0,226.0,12.0,14.0,75.0
Love Myself,Hailee Steinfeld,2016,123.0,76.0,62.0,-7.0,42.0,32.0,219.0,0.0,7.0,75.0
Tequila,Dan + Shay,2018,86.0,58.0,49.0,-6.0,13.0,49.0,197.0,3.0,3.0,75.0
Saturday Sun,Vance Joy,2018,100.0,86.0,64.0,-4.0,22.0,71.0,215.0,48.0,5.0,75.0
FEFE,6ix9ine,2018,126.0,39.0,93.0,-9.0,14.0,38.0,179.0,9.0,41.0,75.0
I'm On One,DJ Khaled,2011,149.0,81.0,41.0,-3.0,63.0,44.0,296.0,5.0,32.0,75.0
Latch,Disclosure,2013,122.0,74.0,73.0,-5.0,9.0,54.0,256.0,2.0,9.0,75.0
You Know You Like It,DJ Snake,2014,196.0,73.0,41.0,-5.0,31.0,25.0,247.0,1.0,19.0,75.0
I Need Your Love (feat. Ellie Goulding),Calvin Harris,2012,125.0,87.0,70.0,-5.0,24.0,58.0,235.0,41.0,5.0,75.0
Latch,Disclosure,2013,122.0,74.0,73.0,-5.0,9.0,54.0,256.0,2.0,9.0,75.0
Every Teardrop Is a Waterfall,Coldplay,2011,118.0,73.0,43.0,-7.0,17.0,33.0,241.0,0.0,4.0,75.0
Style,Taylor Swift,2014,95.0,79.0,60.0,-6.0,12.0,46.0,231.0,0.0,4.0,75.0
Bad Blood,Taylor Swift,2015,170.0,66.0,65.0,-7.0,14.0,22.0,200.0,3.0,11.0,75.0
Slow Motion,Trey Songz,2015,95.0,41.0,73.0,-8.0,11.0,29.0,198.0,68.0,4.0,75.0
Here's to Never Growing Up,Avril Lavigne,2013,165.0,87.0,48.0,-3.0,41.0,74.0,214.0,1.0,9.0,75.0
The London (feat. J. Cole & Travis Scott),Young Thug,2019,98.0,59.0,80.0,-7.0,13.0,18.0,200.0,2.0,15.0,75.0
Simple,Florida Georgia Line,2019,200.0,88.0,36.0,-4.0,15.0,86.0,185.0,8.0,10.0,75.0
Come & Get It,Selena Gomez,2013,80.0,79.0,55.0,-4.0,8.0,57.0,232.0,1.0,5.0,75.0
It's Not Living (If It's Not With You),The 1975,2018,121.0,84.0,62.0,-5.0,6.0,53.0,248.0,0.0,3.0,75.0
Drunk in Love (feat. Jay-Z),Beyoncé,2014,140.0,62.0,59.0,-7.0,18.0,40.0,323.0,1.0,5.0,75.0
gone girl,iann dior,2019,95.0,71.0,68.0,-6.0,7.0,36.0,137.0,16.0,3.0,75.0
You Make Me Feel... (feat. Sabi),Cobra Starship,2011,132.0,86.0,67.0,-3.0,4.0,75.0,216.0,2.0,5.0,75.0
Leave Me Alone,Flipp Dinero,2019,150.0,74.0,79.0,-3.0,18.0,74.0,196.0,11.0,9.0,75.0
We Own It (Fast & Furious),2 Chainz,2013,172.0,90.0,56.0,-5.0,5.0,56.0,228.0,5.0,40.0,75.0
Stir Fry,Migos,2018,182.0,82.0,82.0,-5.0,16.0,51.0,190.0,0.0,27.0,75.0
"Moves Like Jagger - Studio Recording From ""The Voice"" Performance",Maroon 5,2010,128.0,76.0,72.0,-4.0,31.0,62.0,201.0,1.0,5.0,75.0
Blow,Kesha,2010,120.0,73.0,75.0,-4.0,7.0,81.0,220.0,0.0,4.0,75.0
Coming Home,Diddy - Dirty Money,2010,168.0,84.0,39.0,-2.0,30.0,23.0,239.0,16.0,19.0,74.0
Yeah 3x,Chris Brown,2011,130.0,88.0,71.0,-3.0,9.0,70.0,242.0,0.0,4.0,74.0
You Make It Easy,Jason Aldean,2018,132.0,57.0,38.0,-5.0,11.0,41.0,197.0,14.0,3.0,74.0
Rise,Jonas Blue,2018,106.0,79.0,69.0,-5.0,20.0,66.0,194.0,33.0,3.0,74.0
One More Night,Maroon 5,2012,93.0,82.0,72.0,-3.0,8.0,61.0,219.0,4.0,3.0,74.0
Show Me (feat. Chris Brown),Kid Ink,2014,98.0,51.0,71.0,-7.0,14.0,66.0,218.0,4.0,5.0,74.0
If I Die Young,The Band Perry,2010,131.0,50.0,61.0,-7.0,28.0,36.0,223.0,35.0,3.0,74.0
You Don't Own Me (feat. G-Eazy),SAYGRACE,2016,186.0,64.0,33.0,-6.0,6.0,26.0,201.0,16.0,9.0,74.0
Freaky Friday (feat. Chris Brown),Lil Dicky,2018,133.0,60.0,76.0,-5.0,11.0,76.0,217.0,15.0,22.0,74.0
Everyday,Logic,2018,150.0,74.0,67.0,-4.0,8.0,42.0,205.0,4.0,4.0,74.0
Fancy,Iggy Azalea,2014,95.0,72.0,91.0,-4.0,5.0,38.0,200.0,9.0,7.0,74.0
Corazón (feat. Nego do Borel),Maluma,2018,198.0,74.0,72.0,-6.0,20.0,75.0,185.0,33.0,25.0,74.0
Battle Scars (with Guy Sebastian),Lupe Fiasco,2012,168.0,81.0,52.0,-5.0,11.0,49.0,250.0,19.0,29.0,74.0
Party Rock Anthem,LMFAO,2011,130.0,73.0,75.0,-4.0,27.0,36.0,262.0,2.0,14.0,74.0
Post Malone (feat. RANI),Sam Feldt,2019,107.0,64.0,59.0,-4.0,11.0,65.0,174.0,8.0,12.0,74.0
Memories (feat. Kid Cudi),David Guetta,2009,130.0,87.0,56.0,-6.0,25.0,50.0,210.0,0.0,34.0,74.0
Deuces (feat. Tyga & Kevin McCall),Chris Brown,2011,74.0,74.0,69.0,-5.0,8.0,22.0,277.0,3.0,11.0,74.0
Pray For Me (with Kendrick Lamar),The Weeknd,2018,101.0,68.0,74.0,-5.0,11.0,19.0,211.0,8.0,9.0,74.0
Sick Boy,The Chainsmokers,2018,90.0,58.0,66.0,-8.0,12.0,45.0,193.0,11.0,5.0,74.0
22,Taylor Swift,2012,104.0,73.0,66.0,-7.0,5.0,67.0,232.0,0.0,4.0,74.0
Easier,5 Seconds of Summer,2020,176.0,46.0,56.0,-4.0,11.0,62.0,158.0,48.0,26.0,74.0
Soltera - Remix,Lunay,2019,92.0,78.0,80.0,-4.0,44.0,80.0,266.0,36.0,4.0,74.0
Dirty Paws,Of Monsters and Men,2012,112.0,65.0,36.0,-7.0,6.0,13.0,278.0,11.0,3.0,74.0
Lose Yourself to Dance (feat. Pharrell Williams),Daft Punk,2013,100.0,66.0,83.0,-8.0,8.0,67.0,354.0,8.0,6.0,74.0
If I Die Young,The Band Perry,2010,131.0,50.0,61.0,-7.0,28.0,36.0,223.0,35.0,3.0,74.0
Chasing The Sun,The Wanted,2012,128.0,73.0,64.0,-6.0,50.0,68.0,199.0,24.0,10.0,74.0
Slippery (feat. Gucci Mane),Migos,2017,142.0,68.0,92.0,-6.0,10.0,75.0,304.0,31.0,26.0,74.0
Slide Away,Miley Cyrus,2019,148.0,54.0,53.0,-7.0,25.0,29.0,234.0,17.0,3.0,74.0
Carry Out (Featuring Justin Timberlake),Timbaland,2009,116.0,57.0,53.0,-7.0,26.0,27.0,232.0,11.0,11.0,74.0
If We Ever Meet Again (Featuring Katy Perry),Timbaland,2009,126.0,61.0,65.0,-7.0,6.0,39.0,293.0,0.0,4.0,74.0
I Love It (feat. Charli XCX),Icona Pop,2013,126.0,91.0,71.0,-3.0,15.0,82.0,157.0,1.0,3.0,74.0
Fetish (feat. Gucci Mane),Selena Gomez,2017,123.0,62.0,71.0,-4.0,6.0,27.0,186.0,2.0,6.0,74.0
Shotta Flow (feat. Blueface) [Remix],NLE Choppa,2019,120.0,51.0,89.0,-5.0,14.0,57.0,177.0,3.0,42.0,74.0
#thatPOWER,will.i.am,2013,128.0,61.0,80.0,-6.0,7.0,40.0,280.0,0.0,6.0,74.0
Take a Walk,Passion Pit,2012,101.0,76.0,57.0,-6.0,32.0,45.0,264.0,3.0,4.0,74.0
Youngblood,5 Seconds of Summer,2018,120.0,85.0,60.0,-5.0,12.0,15.0,203.0,2.0,46.0,74.0
Lighters,Bad Meets Evil,2011,90.0,70.0,68.0,-8.0,12.0,14.0,304.0,35.0,25.0,74.0
Best Thing I Never Had,Beyoncé,2011,99.0,65.0,55.0,-4.0,9.0,30.0,254.0,14.0,3.0,74.0
The Git Up,Blanco Brown,2019,98.0,68.0,85.0,-9.0,27.0,81.0,201.0,7.0,11.0,74.0
Close,Nick Jonas,2016,124.0,62.0,65.0,-5.0,14.0,40.0,234.0,25.0,8.0,74.0
Take It Off,Kesha,2010,125.0,68.0,73.0,-5.0,9.0,74.0,215.0,0.0,3.0,74.0
Do You Remember,Jay Sean,2009,126.0,67.0,85.0,-5.0,10.0,82.0,211.0,2.0,7.0,74.0
  7/11,Beyoncé,2014,136.0,71.0,75.0,-5.0,13.0,56.0,214.0,1.0,13.0,74.0
Right Above It,Lil Wayne,2010,76.0,84.0,38.0,-4.0,58.0,46.0,272.0,4.0,36.0,74.0
You Know You Like It,DJ Snake,2014,196.0,73.0,41.0,-5.0,31.0,25.0,247.0,1.0,19.0,74.0
Five More Hours,Deorro,2017,128.0,88.0,70.0,-3.0,82.0,50.0,212.0,3.0,22.0,74.0
I Love It (feat. Charli XCX),Icona Pop,2013,126.0,91.0,71.0,-3.0,15.0,82.0,157.0,1.0,3.0,74.0
It Will Rain,Bruno Mars,2011,150.0,84.0,58.0,-7.0,8.0,48.0,258.0,34.0,5.0,74.0
Lust For Life (with The Weeknd),Lana Del Rey,2017,100.0,66.0,50.0,-9.0,36.0,26.0,264.0,60.0,5.0,73.0
Rake It Up (feat. Nicki Minaj),Yo Gotti,2017,150.0,44.0,91.0,-8.0,14.0,53.0,276.0,2.0,34.0,73.0
Keisha & Becky - Remix,Russ Millions,2019,141.0,47.0,86.0,-10.0,12.0,64.0,253.0,25.0,48.0,73.0
"BIG BANK (feat. 2 Chainz, Big Sean, Nicki Minaj)",YG,2018,204.0,35.0,75.0,-8.0,9.0,11.0,237.0,1.0,33.0,73.0
Hot Girl Summer (feat. Nicki Minaj & Ty Dolla $ign),Megan Thee Stallion,2019,99.0,81.0,87.0,-5.0,21.0,57.0,199.0,0.0,16.0,73.0
Ladbroke Grove,AJ Tracey,2019,134.0,84.0,90.0,-9.0,10.0,73.0,191.0,9.0,21.0,73.0
Clout (feat. Cardi B),Offset,2019,140.0,62.0,92.0,-7.0,12.0,42.0,206.0,23.0,10.0,73.0
Boo'd Up,Ella Mai,2017,82.0,78.0,56.0,-5.0,8.0,24.0,256.0,9.0,5.0,73.0
Paradise,George Ezra,2018,138.0,88.0,64.0,-4.0,21.0,91.0,222.0,21.0,4.0,73.0
Yummy,Justin Bieber,2020,146.0,51.0,68.0,-7.0,12.0,50.0,209.0,35.0,10.0,73.0
I'm Upset,Drake,2018,150.0,59.0,90.0,-8.0,8.0,49.0,214.0,28.0,34.0,73.0
Toosie Slide,Drake,2020,82.0,49.0,83.0,-9.0,11.0,85.0,247.0,29.0,21.0,73.0
All Eyes on You (feat. Chris Brown & Nicki Minaj),Meek Mill,2015,78.0,66.0,59.0,-5.0,12.0,25.0,224.0,2.0,20.0,73.0
I Don't Mind (feat. Juicy J),Usher,2014,113.0,46.0,87.0,-8.0,9.0,46.0,252.0,21.0,18.0,73.0
50 Ways to Say Goodbye,Train,2012,140.0,94.0,59.0,-3.0,14.0,74.0,248.0,0.0,5.0,73.0
Born This Way,Lady Gaga,2011,124.0,83.0,59.0,-5.0,33.0,49.0,260.0,0.0,16.0,73.0
New Flame (feat. Usher & Rick Ross),Chris Brown,2014,142.0,63.0,70.0,-4.0,10.0,45.0,244.0,5.0,4.0,73.0
Into You,Ariana Grande,2016,108.0,73.0,62.0,-6.0,14.0,37.0,244.0,2.0,11.0,73.0
212,Azealia Banks,2014,126.0,77.0,85.0,-6.0,8.0,62.0,205.0,1.0,26.0,73.0
Blame It on Me,George Ezra,2014,104.0,76.0,54.0,-3.0,34.0,42.0,196.0,47.0,3.0,73.0
Rocketeer,Far East Movement,2010,96.0,85.0,66.0,-6.0,27.0,36.0,211.0,18.0,5.0,73.0
Gecko (Overdrive) - Radio Edit,Oliver Heldens,2014,125.0,89.0,61.0,-5.0,34.0,76.0,165.0,1.0,6.0,73.0
m.A.A.d city,Kendrick Lamar,2012,91.0,73.0,49.0,-7.0,44.0,22.0,350.0,5.0,27.0,73.0
Stuck Like Glue,Sugarland,2010,84.0,80.0,70.0,-5.0,5.0,84.0,248.0,33.0,6.0,73.0
Sweat - Remix,Snoop Dogg,2011,130.0,73.0,81.0,-6.0,8.0,73.0,196.0,6.0,3.0,73.0
Home,Phillip Phillips,2013,121.0,83.0,61.0,-6.0,12.0,32.0,210.0,3.0,3.0,73.0
My Chick Bad,Ludacris,2010,85.0,72.0,62.0,-7.0,48.0,76.0,217.0,17.0,38.0,73.0
"Just Like Fire (From the Original Motion Picture ""Alice Through The Looking Glass"")",P!nk,2016,163.0,70.0,63.0,-6.0,11.0,52.0,215.0,1.0,15.0,73.0
Candy,Robbie Williams,2012,116.0,79.0,72.0,-7.0,7.0,88.0,201.0,4.0,4.0,73.0
We Don't Talk Anymore (feat. Selena Gomez),Charlie Puth,2016,100.0,56.0,73.0,-8.0,18.0,35.0,218.0,62.0,13.0,73.0
Rolex,Ayo & Teo,2017,145.0,89.0,80.0,-3.0,27.0,79.0,239.0,8.0,4.0,73.0
Cheap Thrills (feat. Sean Paul),Sia,2016,90.0,80.0,59.0,-5.0,8.0,73.0,225.0,6.0,22.0,73.0
I Could Be The One (Avicii Vs. Nicky Romero) - Radio Edit,Avicii,2012,128.0,79.0,51.0,-4.0,32.0,64.0,208.0,33.0,4.0,73.0
Love Me,Lil Wayne,2013,125.0,63.0,67.0,-6.0,9.0,50.0,255.0,1.0,3.0,73.0
Reload - Radio Edit,Sebastian Ingrosso,2013,128.0,72.0,49.0,-5.0,6.0,43.0,221.0,7.0,5.0,73.0
The Greatest (feat. Kendrick Lamar),Sia,2016,192.0,73.0,67.0,-6.0,6.0,73.0,210.0,1.0,27.0,73.0
High Hopes,Kodaline,2013,77.0,49.0,49.0,-6.0,19.0,22.0,230.0,58.0,3.0,73.0
I Will Wait,Mumford & Sons,2012,131.0,76.0,48.0,-5.0,31.0,45.0,277.0,1.0,3.0,73.0
Home,Phillip Phillips,2013,121.0,83.0,61.0,-6.0,12.0,32.0,210.0,3.0,3.0,73.0
Chandelier,Sia,2015,117.0,79.0,40.0,-3.0,7.0,57.0,216.0,2.0,5.0,73.0
Talking Body,Tove Lo,2014,120.0,76.0,74.0,-5.0,8.0,11.0,238.0,10.0,3.0,72.0
One Day / Reckoning Song (Wankelmut Remix) - Radio Edit,Asaf Avidan,2012,119.0,67.0,83.0,-6.0,17.0,53.0,215.0,22.0,6.0,72.0
Rumour Has It,Adele,2011,120.0,75.0,61.0,-5.0,17.0,57.0,223.0,62.0,4.0,72.0
Side To Side,Ariana Grande,2016,159.0,74.0,65.0,-6.0,24.0,61.0,226.0,5.0,23.0,72.0
Sorry,Beyoncé,2016,130.0,60.0,78.0,-7.0,25.0,36.0,233.0,0.0,5.0,72.0
More - RedOne Jimmy Joker Remix,Usher,2010,125.0,89.0,55.0,-3.0,35.0,79.0,220.0,0.0,5.0,72.0
Done for Me (feat. Kehlani),Charlie Puth,2018,112.0,63.0,86.0,-4.0,7.0,70.0,180.0,19.0,7.0,72.0
Princess of China,Coldplay,2011,85.0,69.0,42.0,-6.0,29.0,24.0,239.0,0.0,3.0,72.0
Be Careful,Cardi B,2018,152.0,57.0,82.0,-8.0,10.0,54.0,211.0,3.0,41.0,72.0
It's Time,Imagine Dragons,2012,105.0,88.0,66.0,-5.0,14.0,86.0,238.0,2.0,4.0,72.0
On Top Of The World,Imagine Dragons,2012,100.0,93.0,64.0,-6.0,9.0,76.0,190.0,9.0,15.0,72.0
Red Lights,Tiësto,2014,125.0,83.0,65.0,-5.0,12.0,55.0,262.0,0.0,4.0,72.0
Light On,Maggie Rogers,2019,102.0,57.0,66.0,-6.0,13.0,40.0,234.0,20.0,5.0,72.0
Adorn,Miguel,2012,179.0,58.0,63.0,-6.0,19.0,24.0,193.0,5.0,18.0,72.0
Grace,Lewis Capaldi,2019,104.0,56.0,72.0,-6.0,17.0,49.0,186.0,44.0,3.0,72.0
Suit & Tie (feat. Jay-Z),Justin Timberlake,2013,102.0,60.0,80.0,-4.0,16.0,36.0,326.0,10.0,22.0,72.0
Berzerk,Eminem,2013,95.0,87.0,74.0,-4.0,26.0,68.0,239.0,2.0,33.0,72.0
Madness,Muse,2012,180.0,42.0,50.0,-8.0,11.0,22.0,281.0,13.0,7.0,72.0
Dangerous Woman,Ariana Grande,2016,134.0,60.0,66.0,-5.0,36.0,29.0,236.0,5.0,4.0,72.0
Alejandro,Lady Gaga,2009,99.0,79.0,62.0,-7.0,38.0,36.0,274.0,0.0,5.0,72.0
Hide Away,Daya,2016,95.0,80.0,89.0,-5.0,7.0,46.0,192.0,23.0,8.0,72.0
Cold Water,Major Lazer,2016,93.0,80.0,61.0,-5.0,16.0,50.0,185.0,7.0,4.0,72.0
Whatcha Say,Jason Derulo,2010,144.0,71.0,62.0,-6.0,14.0,71.0,221.0,4.0,8.0,72.0
Eenie Meenie,Sean Kingston,2020,121.0,64.0,73.0,-3.0,10.0,84.0,202.0,3.0,3.0,72.0
No Money,Galantis,2016,126.0,92.0,67.0,-4.0,24.0,80.0,189.0,3.0,4.0,72.0
Firework,Katy Perry,2010,124.0,83.0,64.0,-5.0,11.0,65.0,228.0,14.0,5.0,72.0
DUELE EL CORAZON (feat. Wisin),Enrique Iglesias,2016,91.0,91.0,72.0,-3.0,14.0,87.0,200.0,9.0,10.0,72.0
I Need A Dollar,Aloe Blacc,2010,95.0,48.0,84.0,-7.0,9.0,96.0,243.0,20.0,3.0,72.0
Pretty Girl Rock,Keri Hilson,2010,160.0,87.0,67.0,-5.0,9.0,90.0,244.0,20.0,25.0,72.0
This One's for You (feat. Zara Larsson) (Official Song UEFA EURO 2016),David Guetta,2016,110.0,92.0,37.0,-3.0,9.0,37.0,207.0,0.0,5.0,72.0
How To Love,Lil Wayne,2011,154.0,66.0,64.0,-6.0,11.0,27.0,240.0,0.0,4.0,72.0
Over,Drake,2010,100.0,85.0,35.0,-6.0,12.0,45.0,234.0,1.0,20.0,72.0
Light It Up - Remix,Major Lazer,2015,108.0,88.0,75.0,-4.0,23.0,75.0,166.0,4.0,7.0,71.0
Now Or Never,Halsey,2017,110.0,59.0,67.0,-5.0,13.0,45.0,215.0,11.0,4.0,71.0
Stereo Love - Radio Edit,Edward Maya,2010,127.0,78.0,80.0,-4.0,8.0,59.0,185.0,3.0,3.0,71.0
First,Cold War Kids,2014,78.0,69.0,47.0,-4.0,52.0,56.0,200.0,2.0,3.0,71.0
Talk Dirty (feat. 2 Chainz),Jason Derulo,2013,100.0,65.0,76.0,-7.0,31.0,76.0,178.0,3.0,23.0,71.0
Started From the Bottom,Drake,2013,86.0,52.0,79.0,-8.0,16.0,58.0,174.0,3.0,16.0,71.0
Thotiana,Blueface,2018,104.0,38.0,91.0,-13.0,11.0,39.0,129.0,18.0,27.0,71.0
I Like It,Enrique Iglesias,2010,129.0,94.0,65.0,-3.0,7.0,70.0,232.0,2.0,8.0,71.0
High By The Beach,Lana Del Rey,2015,132.0,49.0,54.0,-11.0,12.0,10.0,258.0,24.0,3.0,71.0
Weak,AJR,2017,124.0,64.0,67.0,-5.0,19.0,70.0,201.0,12.0,5.0,71.0
Teach Me How to Dougie,Cali Swag District,2011,85.0,44.0,85.0,-5.0,9.0,51.0,237.0,20.0,14.0,71.0
It's a Beautiful Day,Michael Bublé,2013,144.0,80.0,53.0,-4.0,30.0,78.0,199.0,6.0,4.0,71.0
Imma Be,Black Eyed Peas,2009,92.0,52.0,60.0,-7.0,31.0,41.0,258.0,18.0,37.0,71.0
One Way or Another (Teenage Kicks),One Direction,2013,162.0,87.0,49.0,-3.0,59.0,41.0,157.0,3.0,7.0,71.0
Magic (feat. Rivers Cuomo),B.o.B,2010,82.0,93.0,55.0,-4.0,35.0,79.0,196.0,1.0,34.0,71.0
My Way (feat. Monty),Fetty Wap,2015,128.0,74.0,75.0,-3.0,15.0,54.0,213.0,0.0,5.0,71.0
No Brainer,DJ Khaled,2018,136.0,76.0,55.0,-5.0,9.0,64.0,260.0,7.0,34.0,71.0
Everything Has Changed,Taylor Swift,2012,80.0,46.0,62.0,-7.0,31.0,44.0,245.0,36.0,3.0,71.0
Powerglide (feat. Juicy J) - From SR3MM,Rae Sremmurd,2018,174.0,83.0,71.0,-5.0,12.0,58.0,332.0,2.0,15.0,71.0
Here,Alessia Cara,2015,120.0,82.0,38.0,-4.0,8.0,33.0,199.0,8.0,10.0,71.0
Thinking About You (feat. Ayah Marar),Calvin Harris,2012,128.0,87.0,73.0,-4.0,10.0,75.0,248.0,0.0,4.0,71.0
The Adventures of Rain Dance Maggie,Red Hot Chili Peppers,2011,106.0,73.0,68.0,-5.0,26.0,58.0,282.0,0.0,3.0,71.0
The Way,Ariana Grande,2013,82.0,88.0,65.0,-3.0,8.0,86.0,227.0,29.0,11.0,71.0
Take Me Back to London (feat. Stormzy),Ed Sheeran,2019,138.0,76.0,89.0,-6.0,16.0,61.0,190.0,22.0,22.0,71.0
German,EO,2018,103.0,58.0,86.0,-6.0,19.0,85.0,171.0,81.0,7.0,71.0
T-Shirt,Migos,2017,139.0,69.0,87.0,-4.0,16.0,49.0,242.0,24.0,22.0,71.0
Black Widow,Iggy Azalea,2014,164.0,72.0,74.0,-4.0,11.0,52.0,209.0,19.0,12.0,71.0
E.T.,Katy Perry,2012,152.0,87.0,62.0,-5.0,37.0,76.0,230.0,2.0,18.0,71.0
Here,Alessia Cara,2015,120.0,82.0,38.0,-4.0,8.0,33.0,199.0,8.0,10.0,71.0
"Homemade Dynamite (Feat. Khalid, Post Malone & SZA) - REMIX",Lorde,2017,107.0,55.0,78.0,-5.0,13.0,18.0,214.0,23.0,8.0,71.0
Let's Go (feat. Ne-Yo),Calvin Harris,2012,128.0,88.0,71.0,-3.0,29.0,88.0,233.0,1.0,6.0,71.0
Want U Back,Cher Lloyd,2012,98.0,89.0,69.0,-3.0,56.0,56.0,215.0,6.0,9.0,71.0
Stereo Love - Radio Edit,Edward Maya,2010,127.0,78.0,80.0,-4.0,8.0,59.0,185.0,3.0,3.0,71.0
Oblivion,Grimes,2012,156.0,53.0,70.0,-9.0,9.0,49.0,251.0,12.0,3.0,71.0
Talking Body,Tove Lo,2014,120.0,76.0,74.0,-5.0,8.0,11.0,238.0,10.0,3.0,71.0
Till the World Ends,Britney Spears,2011,132.0,71.0,69.0,-6.0,20.0,45.0,238.0,2.0,7.0,71.0
I Wanna Go,Britney Spears,2011,130.0,55.0,70.0,-7.0,33.0,79.0,210.0,0.0,4.0,71.0
Talk Dirty (feat. 2 Chainz),Jason Derulo,2013,100.0,65.0,76.0,-7.0,31.0,76.0,178.0,3.0,23.0,71.0
Back To December,Taylor Swift,2010,142.0,67.0,53.0,-5.0,33.0,29.0,293.0,12.0,3.0,71.0
Butter,BTS,2021,109.997,45.9,75.9,-5.187,9.06,69.5,164.442,0.32299999999999995,9.48,71.0
Blow Me (One Last Kiss),P!nk,2012,114.0,92.0,60.0,-3.0,28.0,73.0,256.0,0.0,4.0,71.0
Somebody,Natalie La Rose,2014,105.0,52.0,83.0,-9.0,7.0,74.0,190.0,0.0,4.0,71.0
When We Stand Together,Nickelback,2011,188.0,90.0,45.0,-4.0,4.0,88.0,191.0,0.0,5.0,71.0
Young Forever,JAY-Z,2009,140.0,69.0,64.0,-3.0,21.0,10.0,254.0,42.0,7.0,71.0
Jealous - Remix,Nick Jonas,2015,93.0,71.0,68.0,-4.0,44.0,45.0,222.0,1.0,8.0,71.0
Amnesia,5 Seconds of Summer,2014,102.0,50.0,57.0,-5.0,21.0,11.0,237.0,3.0,3.0,71.0
Hideaway,Kiesza,2014,123.0,72.0,84.0,-4.0,8.0,20.0,252.0,9.0,5.0,70.0
Ugly Heart,G.R.L.,2014,125.0,79.0,65.0,-5.0,32.0,45.0,198.0,2.0,5.0,70.0
"I'm the One (feat. Justin Bieber, Quavo, Chance the Rapper & Lil Wayne)",DJ Khaled,2017,81.0,67.0,60.0,-4.0,13.0,82.0,289.0,5.0,4.0,70.0
Wild Thoughts (feat. Rihanna & Bryson Tiller),DJ Khaled,2017,98.0,68.0,61.0,-3.0,13.0,62.0,205.0,3.0,8.0,70.0
Body Party,Ciara,2013,134.0,58.0,58.0,-6.0,60.0,12.0,234.0,1.0,6.0,70.0
Good as You,Kane Brown,2019,154.0,52.0,63.0,-6.0,14.0,77.0,192.0,40.0,4.0,70.0
Brokenhearted,Karmin,2012,120.0,77.0,77.0,-3.0,5.0,89.0,227.0,1.0,6.0,70.0
So Good,B.o.B,2012,86.0,90.0,66.0,-5.0,22.0,59.0,213.0,4.0,14.0,70.0
Save The World,Swedish House Mafia,2011,127.0,67.0,51.0,-8.0,8.0,40.0,213.0,1.0,5.0,70.0
Motivation,Kelly Rowland,2011,141.0,67.0,74.0,-6.0,11.0,27.0,231.0,19.0,4.0,70.0
Holocene,Bon Iver,2011,148.0,30.0,37.0,-15.0,13.0,15.0,337.0,94.0,3.0,70.0
Mine,Taylor Swift,2010,121.0,76.0,62.0,-3.0,19.0,66.0,231.0,0.0,3.0,70.0
Misery,Maroon 5,2010,103.0,81.0,70.0,-5.0,22.0,73.0,216.0,0.0,4.0,70.0
Ridin' Solo,Jason Derulo,2010,89.0,83.0,44.0,-4.0,13.0,58.0,216.0,13.0,15.0,70.0
Find Your Love,Drake,2010,96.0,61.0,63.0,-6.0,3.0,76.0,209.0,2.0,17.0,70.0
Anaconda,Nicki Minaj,2014,130.0,61.0,96.0,-6.0,21.0,65.0,260.0,7.0,18.0,70.0
STARSTRUKK (feat. Katy Perry),3OH!3,2009,140.0,81.0,61.0,-6.0,23.0,23.0,203.0,0.0,6.0,70.0
Easy Love,Sigala,2018,124.0,94.0,68.0,-4.0,12.0,65.0,230.0,18.0,6.0,70.0
Barcelona,George Ezra,2014,94.0,57.0,63.0,-9.0,11.0,18.0,189.0,32.0,3.0,70.0
Good Grief,Bastille,2016,120.0,76.0,73.0,-5.0,31.0,88.0,206.0,15.0,7.0,70.0
Same Old Love,Selena Gomez,2015,98.0,59.0,67.0,-4.0,21.0,44.0,229.0,2.0,3.0,70.0
Same Old Love,Selena Gomez,2015,98.0,59.0,67.0,-4.0,21.0,44.0,229.0,2.0,3.0,70.0
Final Song,MØ,2016,105.0,67.0,70.0,-6.0,8.0,25.0,236.0,1.0,3.0,70.0
"Flex (Ooh, Ooh, Ooh)",Rich Homie Quan,2015,82.0,61.0,73.0,-8.0,19.0,89.0,177.0,4.0,5.0,70.0
YOUTH,Troye Sivan,2015,92.0,74.0,63.0,-4.0,8.0,59.0,185.0,6.0,4.0,70.0
Alaska,Maggie Rogers,2019,104.0,39.0,85.0,-11.0,11.0,18.0,188.0,41.0,5.0,70.0
One Call Away,Charlie Puth,2016,91.0,61.0,67.0,-5.0,12.0,47.0,194.0,40.0,3.0,70.0
I Want You To Know,Zedd,2015,130.0,85.0,58.0,-3.0,14.0,37.0,240.0,1.0,6.0,70.0
Hotter Than Hell,Dua Lipa,2017,110.0,87.0,53.0,-4.0,6.0,53.0,188.0,1.0,9.0,70.0
Wish You Were Mine - Radio Edit,Philip George,2014,123.0,83.0,65.0,-4.0,10.0,41.0,178.0,1.0,3.0,70.0
I Cry,Flo Rida,2012,126.0,82.0,69.0,-5.0,32.0,76.0,224.0,1.0,4.0,69.0
Turn Up the Music,Chris Brown,2012,130.0,84.0,59.0,-6.0,16.0,64.0,228.0,0.0,10.0,69.0
Ghost Town,Adam Lambert,2015,120.0,74.0,70.0,-6.0,17.0,27.0,208.0,19.0,5.0,69.0
Vossi Bop,Stormzy,2019,188.0,65.0,68.0,-6.0,13.0,43.0,196.0,13.0,34.0,69.0
Can't Be Tamed,Miley Cyrus,2010,117.0,91.0,63.0,-3.0,20.0,74.0,168.0,3.0,14.0,69.0
Confident,Demi Lovato,2015,130.0,75.0,59.0,-6.0,9.0,34.0,206.0,0.0,7.0,69.0
Love Me Again,John Newman,2013,126.0,89.0,50.0,-5.0,10.0,21.0,240.0,0.0,4.0,69.0
On My Mind,Ellie Goulding,2015,155.0,71.0,70.0,-7.0,9.0,74.0,213.0,26.0,5.0,69.0
Same Love (feat. Mary Lambert),Macklemore & Ryan Lewis,2012,85.0,47.0,69.0,-9.0,10.0,30.0,319.0,72.0,17.0,69.0
Mr. Saxobeat,Alexandra Stan,2011,127.0,93.0,72.0,-4.0,14.0,78.0,195.0,3.0,5.0,69.0
Heartbreak Warfare,John Mayer,2009,97.0,55.0,62.0,-8.0,30.0,31.0,270.0,19.0,2.0,69.0
Don't Stop the Party (feat. TJR),Pitbull,2012,127.0,96.0,72.0,-4.0,38.0,95.0,206.0,1.0,9.0,69.0
Mountain at My Gates,Foals,2015,104.0,93.0,50.0,-5.0,25.0,62.0,244.0,0.0,5.0,69.0
Gucci Gang,Lil Pump,2017,120.0,52.0,94.0,-7.0,12.0,70.0,124.0,24.0,6.0,69.0
Honey Bee,Blake Shelton,2011,206.0,85.0,48.0,-5.0,12.0,72.0,211.0,0.0,4.0,69.0
Cross Me (feat. Chance the Rapper & PnB Rock),Ed Sheeran,2019,95.0,79.0,75.0,-6.0,7.0,61.0,206.0,21.0,12.0,69.0
Where Them Girls At (feat. Nicki Minaj & Flo Rida),David Guetta,2011,130.0,87.0,66.0,-3.0,23.0,56.0,210.0,3.0,4.0,69.0
You & Me,Marc E. Bassy,2017,84.0,64.0,45.0,-8.0,19.0,61.0,218.0,4.0,28.0,69.0
Changed the Way You Kiss Me - Radio Edit,Example,2011,127.0,86.0,58.0,-4.0,9.0,19.0,195.0,1.0,4.0,69.0
Geronimo,Sheppard,2015,142.0,78.0,71.0,-6.0,12.0,46.0,218.0,46.0,8.0,69.0
Just A Kiss,Lady A,2011,143.0,64.0,59.0,-6.0,10.0,33.0,219.0,45.0,3.0,69.0
Cool Girl,Tove Lo,2016,102.0,69.0,67.0,-7.0,8.0,20.0,199.0,31.0,11.0,69.0
Somebody,Natalie La Rose,2014,105.0,52.0,83.0,-9.0,7.0,74.0,190.0,0.0,4.0,69.0
Trumpets,Jason Derulo,2013,82.0,69.0,64.0,-5.0,10.0,64.0,217.0,56.0,26.0,69.0
Forget You,CeeLo Green,2010,127.0,88.0,70.0,-4.0,16.0,77.0,223.0,13.0,6.0,69.0
17,MK,2017,122.0,83.0,70.0,-7.0,7.0,67.0,196.0,0.0,7.0,69.0
#SELFIE,The Chainsmokers,2014,128.0,92.0,79.0,-3.0,8.0,66.0,184.0,1.0,25.0,69.0
Todo De Ti,Rauw Alejandro,2021,127.962,71.89999999999999,78.0,-3.613,9.31,33.6,199.604,30.2,5.06,69.0
Pound The Alarm,Nicki Minaj,2012,125.0,86.0,73.0,-4.0,2.0,59.0,206.0,4.0,6.0,69.0
Kickstarts,Example,2010,126.0,84.0,61.0,-4.0,36.0,66.0,182.0,0.0,6.0,69.0
Stay The Night - Featuring Hayley Williams Of Paramore,Zedd,2012,128.0,74.0,60.0,-3.0,9.0,46.0,217.0,11.0,4.0,69.0
Payphone,Maroon 5,2012,110.0,76.0,74.0,-5.0,37.0,52.0,231.0,1.0,4.0,69.0
Sweet Lovin' - Radio Edit,Sigala,2018,125.0,85.0,68.0,-3.0,34.0,71.0,202.0,21.0,7.0,69.0
Boyfriend,Justin Bieber,2012,97.0,55.0,72.0,-6.0,13.0,33.0,171.0,4.0,5.0,68.0
RITMO (Bad Boys For Life),Black Eyed Peas,2020,105.0,72.0,73.0,-7.0,73.0,67.0,215.0,3.0,6.0,68.0
Hands To Myself,Selena Gomez,2015,111.0,50.0,81.0,-7.0,34.0,47.0,201.0,1.0,12.0,68.0
Geronimo,Sheppard,2015,142.0,78.0,71.0,-6.0,12.0,46.0,218.0,46.0,8.0,68.0
My First Kiss (feat. Ke$ha),3OH!3,2010,138.0,89.0,68.0,-4.0,36.0,83.0,192.0,1.0,8.0,68.0
Say Aah (feat. Fabolous),Trey Songz,2009,93.0,87.0,72.0,-4.0,83.0,81.0,208.0,0.0,11.0,68.0
Lights - Single Version,Ellie Goulding,2010,120.0,80.0,68.0,-6.0,13.0,78.0,211.0,3.0,4.0,68.0
Don't Wanna Go Home,Jason Derulo,2011,122.0,81.0,67.0,-5.0,13.0,64.0,206.0,2.0,7.0,68.0
Antisocial (with Travis Scott),Ed Sheeran,2019,152.0,82.0,72.0,-5.0,36.0,91.0,162.0,13.0,5.0,68.0
Holy Grail,JAY-Z,2013,145.0,53.0,68.0,-7.0,26.0,16.0,338.0,6.0,8.0,68.0
Anna Sun,WALK THE MOON,2012,140.0,84.0,47.0,-7.0,24.0,34.0,321.0,0.0,5.0,68.0
Angels,The xx,2012,92.0,16.0,42.0,-18.0,10.0,34.0,172.0,95.0,4.0,68.0
Sexy And I Know It,LMFAO,2011,130.0,86.0,71.0,-4.0,19.0,80.0,199.0,10.0,32.0,68.0
The Way I Am,Charlie Puth,2018,115.0,77.0,76.0,-6.0,6.0,64.0,186.0,31.0,19.0,68.0
How Low,Ludacris,2010,144.0,50.0,79.0,-7.0,22.0,42.0,202.0,0.0,5.0,68.0
The Fox (What Does the Fox Say?),Ylvis,2013,128.0,87.0,70.0,-4.0,12.0,55.0,214.0,11.0,5.0,68.0
Make Me Feel,Janelle Monáe,2018,115.0,41.0,86.0,-7.0,33.0,70.0,194.0,13.0,18.0,68.0
Wrapped Up,Olly Murs,2014,122.0,84.0,79.0,-5.0,16.0,92.0,186.0,9.0,6.0,68.0
Cold (feat. Future),Maroon 5,2018,100.0,72.0,69.0,-6.0,5.0,41.0,234.0,14.0,11.0,68.0
Earthquake (feat. Tinie Tempah),Labrinth,2012,153.0,86.0,54.0,-4.0,28.0,26.0,275.0,11.0,10.0,68.0
Elastic Heart,Sia,2015,130.0,79.0,42.0,-5.0,15.0,50.0,257.0,1.0,5.0,68.0
The Edge Of Glory,Lady Gaga,2011,128.0,77.0,58.0,-7.0,11.0,36.0,321.0,0.0,4.0,68.0
Sexy And I Know It,LMFAO,2011,130.0,86.0,71.0,-4.0,19.0,80.0,199.0,10.0,32.0,68.0
Shake It Out,Florence + The Machine,2011,107.0,80.0,53.0,-4.0,11.0,22.0,278.0,1.0,4.0,68.0
Wasted,Tiësto,2014,112.0,82.0,64.0,-6.0,20.0,39.0,190.0,0.0,3.0,68.0
Na Na,Trey Songz,2015,97.0,48.0,67.0,-6.0,10.0,24.0,232.0,33.0,4.0,68.0
Boasty (feat. Idris Elba),Wiley,2019,103.0,77.0,89.0,-5.0,9.0,46.0,177.0,1.0,7.0,68.0
Wherever I Go,OneRepublic,2016,100.0,68.0,54.0,-6.0,24.0,35.0,170.0,10.0,4.0,68.0
Hands To Myself,Selena Gomez,2015,111.0,50.0,81.0,-7.0,34.0,47.0,201.0,1.0,12.0,68.0
Sorry,Joel Corry,2019,125.0,79.0,74.0,-5.0,32.0,85.0,189.0,5.0,6.0,68.0
Silhouettes - Original Radio Edit,Avicii,2012,128.0,80.0,61.0,-6.0,12.0,84.0,212.0,16.0,5.0,68.0
Roll Up,Wiz Khalifa,2011,125.0,81.0,52.0,-5.0,9.0,60.0,228.0,5.0,19.0,68.0
Don't Leave,Snakehips,2017,122.0,70.0,66.0,-3.0,26.0,34.0,215.0,22.0,8.0,68.0
Omen - Radio Edit,Disclosure,2015,106.0,79.0,67.0,-5.0,36.0,62.0,197.0,12.0,14.0,68.0
Blown Away,Carrie Underwood,2012,137.0,84.0,53.0,-3.0,3.0,39.0,240.0,9.0,4.0,68.0
Half of My Heart,John Mayer,2009,115.0,59.0,68.0,-9.0,11.0,73.0,250.0,44.0,3.0,68.0
We'll Be Coming Back (feat. Example),Calvin Harris,2012,128.0,95.0,60.0,-4.0,60.0,57.0,234.0,0.0,9.0,68.0
Hands on the Wheel (feat. Asap Rocky),ScHoolboy Q,2012,128.0,78.0,65.0,-7.0,7.0,18.0,197.0,2.0,11.0,67.0
Na Na,Trey Songz,2015,97.0,48.0,67.0,-6.0,10.0,24.0,232.0,33.0,4.0,67.0
C'Mon,Kesha,2012,126.0,78.0,56.0,-5.0,10.0,29.0,214.0,1.0,10.0,67.0
Ass Back Home (feat. Neon Hitch),Gym Class Heroes,2011,130.0,84.0,72.0,-4.0,15.0,65.0,222.0,13.0,5.0,67.0
Bounce (feat. Kelis) - Radio Edit,Calvin Harris,2012,128.0,96.0,78.0,-2.0,66.0,76.0,222.0,3.0,4.0,67.0
I Follow Rivers - The Magician Remix,Lykke Li,2021,122.0,70.0,79.0,-6.0,8.0,30.0,280.0,2.0,4.0,67.0
Donald Trump,Mac Miller,2011,163.0,90.0,64.0,-7.0,39.0,84.0,166.0,12.0,12.0,67.0
Too Close,Alex Clare,2011,126.0,71.0,58.0,-4.0,11.0,29.0,257.0,1.0,4.0,67.0
Strike a Pose (feat. Aitch),Young T & Bugsey,2019,138.0,58.0,53.0,-6.0,10.0,59.0,214.0,1.0,10.0,67.0
Rack City,Tyga,2012,99.0,34.0,93.0,-11.0,19.0,27.0,203.0,4.0,37.0,67.0
All In My Head (Flex) (feat. Fetty Wap),Fifth Harmony,2016,95.0,79.0,69.0,-5.0,5.0,76.0,211.0,2.0,5.0,67.0
Not Nice,PARTYNEXTDOOR,2016,128.0,50.0,60.0,-9.0,12.0,73.0,203.0,3.0,8.0,67.0
In My Head,Jason Derulo,2010,110.0,75.0,76.0,-4.0,35.0,85.0,199.0,3.0,3.0,67.0
Drinking from the Bottle (feat. Tinie Tempah),Calvin Harris,2012,128.0,89.0,67.0,-4.0,5.0,53.0,240.0,5.0,5.0,67.0
Dynamite,BTS,2021,114.044,76.5,74.6,-4.41,9.36,73.7,199.054,1.1199999999999999,9.93,67.0
Bad (feat. Rihanna) - Remix,Wale,2013,114.0,70.0,81.0,-7.0,11.0,45.0,239.0,31.0,7.0,67.0
"Work Hard, Play Hard",Wiz Khalifa,2012,140.0,67.0,79.0,-4.0,30.0,49.0,219.0,4.0,5.0,67.0
Money On My Mind,Sam Smith,2014,134.0,84.0,69.0,-5.0,23.0,74.0,193.0,20.0,18.0,67.0
GUMMO,6ix9ine,2018,157.0,78.0,66.0,-5.0,13.0,64.0,158.0,6.0,17.0,67.0
What About Us,The Saturdays,2013,124.0,68.0,70.0,-5.0,21.0,69.0,221.0,1.0,6.0,67.0
Man's Not Hot,Big Shaq,2017,135.0,88.0,91.0,-4.0,11.0,59.0,186.0,11.0,24.0,67.0
Girls Like (feat. Zara Larsson),Tinie Tempah,2016,120.0,80.0,92.0,-3.0,8.0,54.0,196.0,37.0,5.0,67.0
Blah Blah Blah (feat. 3OH!3),Kesha,2010,120.0,84.0,75.0,-3.0,42.0,52.0,172.0,8.0,12.0,67.0
Chocolate,The 1975,2013,100.0,94.0,59.0,-4.0,38.0,68.0,225.0,0.0,5.0,66.0
Lot to Learn,Luke Christopher,2015,82.0,85.0,41.0,-4.0,7.0,60.0,248.0,9.0,20.0,66.0
King,Years & Years,2015,120.0,86.0,56.0,-4.0,38.0,43.0,215.0,6.0,4.0,66.0
Daylight,Maroon 5,2012,120.0,68.0,66.0,-6.0,21.0,33.0,225.0,0.0,3.0,66.0
Style,Taylor Swift,2014,95.0,79.0,59.0,-6.0,12.0,49.0,231.0,0.0,4.0,66.0
Sex,Cheat Codes,2016,102.0,69.0,51.0,-6.0,14.0,21.0,228.0,0.0,17.0,66.0
Blind Faith,Chase & Status,2011,140.0,85.0,45.0,-5.0,23.0,40.0,234.0,1.0,5.0,66.0
The Other Side,Jason Derulo,2013,128.0,84.0,56.0,-4.0,14.0,52.0,227.0,5.0,10.0,66.0
Fine China,Chris Brown,2014,104.0,73.0,65.0,-5.0,12.0,59.0,213.0,4.0,6.0,66.0
This Is How We Do,Katy Perry,2013,96.0,64.0,69.0,-6.0,15.0,80.0,204.0,2.0,5.0,66.0
Who's That Chick? (feat. Rihanna),David Guetta,2010,128.0,60.0,68.0,-5.0,5.0,93.0,201.0,0.0,12.0,66.0
CoCo,O.T. Genasis,2014,120.0,63.0,89.0,-6.0,31.0,18.0,240.0,0.0,13.0,66.0
For the First Time,The Script,2011,174.0,63.0,40.0,-5.0,18.0,36.0,253.0,3.0,3.0,66.0
King of Anything,Sara Bareilles,2010,119.0,76.0,68.0,-4.0,6.0,81.0,207.0,46.0,4.0,66.0
Of The Night,Bastille,2013,125.0,83.0,67.0,-7.0,9.0,35.0,214.0,2.0,4.0,66.0
Don't Wanna Know (feat. Kendrick Lamar),Maroon 5,2018,100.0,61.0,78.0,-6.0,10.0,42.0,214.0,34.0,7.0,66.0
Faded,ZHU,2014,125.0,48.0,87.0,-7.0,11.0,61.0,223.0,1.0,5.0,66.0
Heart Skips a Beat (feat. Rizzle Kicks),Olly Murs,2011,111.0,88.0,84.0,-4.0,8.0,88.0,202.0,14.0,6.0,66.0
No Promises (feat. Demi Lovato),Cheat Codes,2017,113.0,62.0,74.0,-7.0,11.0,58.0,223.0,6.0,16.0,66.0
Tonight (I'm Fuckin' You),Enrique Iglesias,2010,126.0,88.0,67.0,-5.0,14.0,27.0,232.0,3.0,4.0,65.0
I Got U,Duke Dumont,2014,121.0,76.0,64.0,-8.0,9.0,46.0,286.0,0.0,4.0,65.0
Down With The Trumpets,Rizzle Kicks,2011,115.0,88.0,75.0,-5.0,24.0,79.0,187.0,9.0,8.0,65.0
Back To Sleep,Chris Brown,2015,93.0,65.0,65.0,-5.0,9.0,72.0,201.0,4.0,24.0,65.0
Once In a While,Timeflies,2016,105.0,69.0,79.0,-6.0,62.0,35.0,215.0,1.0,14.0,65.0
We No Speak Americano (Edit),Yolanda Be Cool,2020,125.0,81.0,90.0,-5.0,9.0,75.0,157.0,7.0,5.0,65.0
Middle Of The Night,The Vamps,2017,130.0,75.0,59.0,-4.0,8.0,40.0,175.0,0.0,6.0,65.0
Jumanji,B Young,2018,96.0,47.0,79.0,-10.0,10.0,60.0,173.0,28.0,25.0,65.0
Play Hard (feat. Ne-Yo & Akon),David Guetta,2011,130.0,92.0,69.0,-2.0,33.0,80.0,201.0,17.0,5.0,65.0
Love Runs Out,OneRepublic,2014,120.0,94.0,72.0,-4.0,10.0,74.0,224.0,17.0,6.0,65.0
Hey Daddy (Daddy's Home),Usher,2010,96.0,70.0,59.0,-4.0,11.0,35.0,224.0,0.0,3.0,65.0
Dancing On My Own - Radio Edit,Robyn,2010,117.0,93.0,57.0,-6.0,13.0,22.0,278.0,0.0,3.0,65.0
Supalonely (feat. Gus Dapperton),BENEE,2020,129.0,63.0,86.0,-5.0,12.0,84.0,223.0,29.0,5.0,65.0
Need U (100%) (feat. A*M*E) - Radio Edit,Duke Dumont,2013,124.0,85.0,67.0,-5.0,39.0,46.0,174.0,0.0,5.0,65.0
Stay (feat. Maty Noyes),Kygo,2015,103.0,74.0,65.0,-8.0,17.0,38.0,239.0,4.0,4.0,65.0
Climax,Usher,2012,136.0,48.0,65.0,-9.0,16.0,33.0,233.0,55.0,8.0,65.0
Tears (feat. Louisa Johnson),Clean Bandit,2016,130.0,77.0,61.0,-4.0,16.0,30.0,226.0,4.0,4.0,65.0
Drive,Oh Wonder,2015,142.0,46.0,66.0,-8.0,8.0,38.0,196.0,71.0,10.0,65.0
Man Down,Rihanna,2010,156.0,91.0,48.0,-4.0,5.0,54.0,267.0,4.0,19.0,65.0
Roses - Imanbek Remix,SAINt JHN,2019,122.0,72.0,79.0,-5.0,28.0,89.0,176.0,1.0,5.0,64.0
Wait,Maroon 5,2018,126.0,60.0,66.0,-5.0,11.0,45.0,191.0,10.0,6.0,64.0
NUMB,Hayden James,2019,148.0,56.0,62.0,-7.0,9.0,40.0,217.0,18.0,4.0,64.0
Say It (feat. Tove Lo),Flume,2016,75.0,53.0,60.0,-7.0,6.0,26.0,263.0,7.0,3.0,64.0
Turn Me On (feat. Nicki Minaj),David Guetta,2011,128.0,79.0,71.0,-2.0,57.0,41.0,200.0,5.0,6.0,64.0
Ride,Lana Del Rey,2012,94.0,69.0,37.0,-6.0,38.0,19.0,289.0,13.0,3.0,64.0
Gold,Kiiara,2020,113.0,41.0,60.0,-9.0,13.0,41.0,226.0,62.0,34.0,64.0
Strangers,Sigrid,2019,115.0,72.0,76.0,-6.0,8.0,13.0,234.0,1.0,4.0,64.0
This Town,Niall Horan,2016,112.0,41.0,68.0,-8.0,12.0,20.0,233.0,70.0,3.0,64.0
Animals - Radio Edit,Martin Garrix,2016,128.0,91.0,59.0,-5.0,7.0,4.0,176.0,0.0,4.0,64.0
History,Olivia Holt,2016,101.0,63.0,77.0,-7.0,12.0,54.0,204.0,10.0,5.0,64.0
Broccoli,Shelley FKA DRAM,2016,146.0,53.0,89.0,-7.0,6.0,71.0,225.0,24.0,13.0,64.0
All Day And Night,Jax Jones,2019,122.0,78.0,59.0,-4.0,16.0,52.0,169.0,27.0,9.0,64.0
Closer,Lemaitre,2017,92.0,79.0,58.0,-4.0,12.0,36.0,271.0,0.0,3.0,64.0
Wiggle (feat. Snoop Dogg),Jason Derulo,2013,82.0,62.0,70.0,-7.0,16.0,72.0,193.0,8.0,25.0,63.0
The Sound,The 1975,2016,121.0,94.0,65.0,-5.0,45.0,55.0,249.0,9.0,8.0,63.0
The Flood,Take That,2010,101.0,83.0,51.0,-6.0,12.0,14.0,289.0,4.0,4.0,63.0
L.I.F.E.G.O.E.S.O.N.,Noah And The Whale,2011,82.0,75.0,60.0,-6.0,35.0,61.0,228.0,21.0,4.0,63.0
The Man,Aloe Blacc,2014,82.0,77.0,31.0,-7.0,21.0,49.0,255.0,3.0,7.0,63.0
La La La,Naughty Boy,2013,125.0,68.0,75.0,-4.0,11.0,25.0,221.0,11.0,3.0,63.0
Wavin' Flag,K'NAAN,2009,76.0,70.0,63.0,-6.0,24.0,72.0,221.0,13.0,7.0,63.0
Classic Man (feat. Roman GianArthur),Jidenna,2015,94.0,59.0,79.0,-6.0,29.0,59.0,226.0,19.0,3.0,63.0
No Hands (feat. Roscoe Dash & Wale),Waka Flocka Flame,2010,131.0,60.0,76.0,-6.0,24.0,36.0,264.0,1.0,4.0,63.0
Cruise,Florida Georgia Line,2012,148.0,95.0,46.0,-3.0,5.0,88.0,209.0,2.0,4.0,63.0
Video Games,Lana Del Rey,2012,122.0,25.0,39.0,-10.0,9.0,18.0,282.0,81.0,3.0,63.0
All Time Low,The Wanted,2010,134.0,62.0,69.0,-5.0,8.0,79.0,205.0,35.0,5.0,63.0
Harlem Shake,Baauer,2013,138.0,79.0,45.0,-5.0,42.0,28.0,197.0,1.0,5.0,63.0
Faded,Tyga,2012,95.0,67.0,83.0,-8.0,35.0,34.0,207.0,1.0,19.0,63.0
One - Radio Edit,Swedish House Mafia,2010,125.0,78.0,80.0,-7.0,15.0,62.0,170.0,1.0,4.0,62.0
Options,NSG,2020,102.0,62.0,84.0,-5.0,10.0,76.0,240.0,39.0,9.0,62.0
On A Roll,Ashley O,2019,125.0,81.0,74.0,-6.0,5.0,39.0,154.0,8.0,9.0,62.0
Good For You,Selena Gomez,2015,89.0,68.0,61.0,-6.0,9.0,21.0,222.0,18.0,5.0,62.0
Juju on That Beat (TZ Anthem),Zay Hilfigerrr,2016,161.0,89.0,81.0,-4.0,39.0,78.0,144.0,0.0,28.0,62.0
Born To Die,Lana Del Rey,2012,86.0,63.0,39.0,-7.0,20.0,40.0,286.0,20.0,4.0,62.0
Intoxicated - Radio Edit,Martin Solveig,2015,125.0,69.0,79.0,-4.0,10.0,50.0,160.0,0.0,4.0,62.0
I Would Like,Zara Larsson,2017,121.0,71.0,49.0,-4.0,8.0,30.0,227.0,9.0,5.0,62.0
In The Dark,DEV,2012,125.0,82.0,74.0,-4.0,33.0,44.0,226.0,0.0,7.0,62.0
Alarm,Anne-Marie,2016,147.0,59.0,76.0,-5.0,18.0,81.0,206.0,8.0,23.0,62.0
That's How You Know (feat. Kid Ink & Bebe Rexha),Nico & Vinz,2015,104.0,44.0,77.0,-6.0,12.0,74.0,186.0,44.0,4.0,62.0
Juicy,Doja Cat,2019,170.0,66.0,79.0,-3.0,7.0,46.0,202.0,9.0,7.0,62.0
Believe,Mumford & Sons,2015,114.0,62.0,36.0,-7.0,22.0,42.0,221.0,3.0,4.0,61.0
Heart Attack,Trey Songz,2012,150.0,86.0,61.0,-5.0,23.0,48.0,233.0,6.0,13.0,61.0
The Mother We Share,CHVRCHES,2013,174.0,69.0,46.0,-6.0,13.0,34.0,191.0,3.0,3.0,61.0
Just Hold On,Steve Aoki,2018,115.0,93.0,65.0,-4.0,6.0,39.0,199.0,0.0,8.0,61.0
Get Up (Rattle),Bingo Players,2013,128.0,98.0,80.0,-3.0,26.0,80.0,167.0,2.0,7.0,61.0
Blurred Lines,Robin Thicke,2013,120.0,50.0,86.0,-8.0,8.0,88.0,263.0,0.0,5.0,61.0
Barbra Streisand (Radio Edit),Duck Sauce,2010,128.0,93.0,76.0,-2.0,22.0,46.0,195.0,0.0,10.0,61.0
Mama Do The Hump,Rizzle Kicks,2011,98.0,89.0,72.0,-4.0,7.0,56.0,216.0,1.0,13.0,61.0
Sure Be Cool If You Did,Blake Shelton,2013,137.0,73.0,58.0,-5.0,11.0,58.0,216.0,26.0,4.0,61.0
Miss You (with Major Lazer & Tory Lanez),Cashmere Cat,2018,100.0,64.0,75.0,-5.0,11.0,45.0,186.0,25.0,9.0,61.0
Nights With You,MØ,2017,120.0,67.0,76.0,-4.0,38.0,60.0,197.0,40.0,10.0,61.0
Not a Bad Thing,Justin Timberlake,2013,86.0,56.0,31.0,-9.0,13.0,11.0,688.0,53.0,7.0,61.0
Hard,Rihanna,2009,182.0,75.0,31.0,-4.0,65.0,16.0,251.0,1.0,11.0,60.0
You Don't Own Me (feat. G-Eazy),SAYGRACE,2015,186.0,66.0,34.0,-6.0,6.0,29.0,199.0,17.0,10.0,60.0
Papaoutai,Stromae,2013,116.0,81.0,73.0,-7.0,6.0,25.0,232.0,3.0,8.0,60.0
Bad Blood,Taylor Swift,2014,170.0,79.0,65.0,-6.0,20.0,29.0,212.0,9.0,19.0,60.0
If You're Over Me,Years & Years,2018,104.0,85.0,65.0,-5.0,6.0,62.0,189.0,6.0,9.0,60.0
Answerphone (feat. Yxng Bane),Banx & Ranx,2018,113.0,83.0,67.0,-4.0,45.0,45.0,191.0,4.0,9.0,60.0
Post to Be (feat. Chris Brown & Jhene Aiko),Omarion,2014,97.0,68.0,73.0,-6.0,21.0,70.0,227.0,7.0,4.0,60.0
Nothing Left (feat. Will Heard),Kygo,2015,154.0,58.0,68.0,-7.0,37.0,35.0,237.0,26.0,4.0,59.0
Beautiful People,Chris Brown,2019,128.0,78.0,42.0,-6.0,8.0,54.0,226.0,7.0,16.0,59.0
Spectrum (Say My Name) - Calvin Harris Remix,Florence + The Machine,2012,126.0,95.0,58.0,-4.0,10.0,59.0,218.0,0.0,5.0,59.0
Starry Eyed,Ellie Goulding,2010,150.0,81.0,50.0,-5.0,32.0,60.0,177.0,14.0,4.0,59.0
Touch (feat. Kid Ink),Little Mix,2016,102.0,75.0,64.0,-4.0,49.0,55.0,203.0,4.0,11.0,59.0
Love Me Now,John Legend,2016,123.0,77.0,42.0,-4.0,11.0,72.0,210.0,57.0,9.0,59.0
Dangerously,Charlie Puth,2016,112.0,52.0,70.0,-8.0,20.0,23.0,199.0,36.0,4.0,58.0
Bad Vibe,M.O,2018,110.0,70.0,81.0,-4.0,10.0,76.0,214.0,18.0,4.0,58.0
Heroes (we could be),Alesso,2014,126.0,75.0,52.0,-4.0,24.0,35.0,210.0,4.0,6.0,58.0
This Ain't a Love Song,Scouting For Girls,2017,177.0,91.0,46.0,-4.0,38.0,55.0,211.0,0.0,5.0,58.0
Live Like We're Dying,Kris Allen,2009,92.0,89.0,59.0,-3.0,34.0,94.0,213.0,3.0,4.0,57.0
Sonnentanz - Sun Don't Shine,Klangkarussell,2013,120.0,54.0,59.0,-8.0,11.0,17.0,236.0,11.0,9.0,56.0
Somewhere Only We Know,Lily Allen,2014,81.0,29.0,31.0,-11.0,10.0,29.0,209.0,93.0,3.0,56.0
Bad (feat. Vassy) - Radio Edit,David Guetta,2014,128.0,97.0,61.0,-4.0,33.0,41.0,171.0,0.0,9.0,56.0
Today Was A Fairytale,Taylor Swift,2011,158.0,70.0,49.0,-4.0,17.0,34.0,242.0,3.0,3.0,56.0
Don’t Feel Like Crying,Sigrid,2019,120.0,81.0,75.0,-4.0,7.0,72.0,157.0,16.0,4.0,56.0
Seek Bromance (Avicii Vocal Edit),Tim Berg,2010,126.0,81.0,49.0,-3.0,9.0,55.0,201.0,9.0,4.0,55.0
"All I Do Is Win (feat. T-Pain, Ludacris, Snoop Dogg & Rick Ross)",DJ Khaled,2010,150.0,78.0,54.0,-4.0,16.0,28.0,233.0,1.0,19.0,55.0
Gettin' Over You (feat. Fergie & LMFAO),David Guetta,2009,130.0,91.0,62.0,-5.0,8.0,45.0,188.0,18.0,8.0,55.0
Hurt Me,Låpsley,2016,138.0,73.0,66.0,-5.0,16.0,59.0,231.0,69.0,13.0,55.0
Jubel - Radio Edit,Klingande,2013,125.0,52.0,69.0,-7.0,14.0,10.0,202.0,65.0,3.0,55.0
Nobody To Love,Sigma,2014,88.0,91.0,52.0,-3.0,20.0,23.0,190.0,0.0,4.0,55.0
Lay It All on Me (feat. Ed Sheeran),Rudimental,2015,123.0,75.0,67.0,-7.0,19.0,48.0,242.0,14.0,4.0,55.0
Boom Clap,Charli XCX,2014,92.0,91.0,66.0,-2.0,19.0,58.0,170.0,15.0,8.0,54.0
Commander,Kelly Rowland,2011,125.0,88.0,40.0,-4.0,36.0,57.0,218.0,2.0,14.0,54.0
High (feat. Nicole Millar),Peking Duk,2014,100.0,80.0,53.0,-4.0,29.0,38.0,228.0,0.0,5.0,54.0
Champion (feat. Chris Brown),Chip,2011,190.0,93.0,42.0,-3.0,14.0,52.0,237.0,8.0,24.0,54.0
White Noise,Disclosure,2013,120.0,85.0,68.0,-6.0,35.0,87.0,278.0,1.0,5.0,54.0
Do It Like A Dude,Jessie J,2011,140.0,84.0,66.0,-4.0,36.0,38.0,195.0,5.0,5.0,53.0
Years,Alesso,2013,128.0,82.0,37.0,-6.0,17.0,32.0,195.0,0.0,8.0,53.0
Buzzin Remix,Mann,2011,104.0,94.0,69.0,-4.0,28.0,54.0,224.0,9.0,15.0,53.0
Lovers on the Sun (feat. Sam Martin),David Guetta,2014,125.0,89.0,65.0,-3.0,38.0,57.0,204.0,9.0,4.0,53.0
Feel the Love (feat. John Newman),Rudimental,2013,180.0,71.0,39.0,-7.0,69.0,24.0,245.0,0.0,6.0,52.0
R.I.P. (feat. Tinie Tempah),Rita Ora,2012,72.0,83.0,61.0,-3.0,65.0,35.0,228.0,3.0,5.0,52.0
When We Collide,Matt Cardle,2011,82.0,68.0,44.0,-6.0,31.0,45.0,226.0,2.0,3.0,52.0
Miami 2 Ibiza - Swedish House Mafia vs. Tinie Tempah,Swedish House Mafia,2010,125.0,93.0,74.0,-6.0,40.0,66.0,206.0,0.0,7.0,52.0
Written in the Stars (feat. Eric Turner),Tinie Tempah,2010,123.0,97.0,62.0,-3.0,20.0,30.0,208.0,5.0,13.0,51.0
Higher,Taio Cruz,2011,128.0,92.0,67.0,-5.0,13.0,70.0,188.0,0.0,8.0,51.0
Ready For Your Love,Gorgon City,2014,122.0,75.0,68.0,-7.0,33.0,47.0,199.0,5.0,15.0,51.0
Pass Out,Tinie Tempah,2010,91.0,89.0,69.0,-3.0,14.0,53.0,268.0,3.0,30.0,51.0
Waiting All Night (feat. Ella Eyre),Rudimental,2013,175.0,73.0,54.0,-5.0,43.0,28.0,293.0,0.0,5.0,50.0
Hey Porsche,Nelly,2013,116.0,79.0,73.0,-5.0,65.0,95.0,209.0,15.0,3.0,49.0
Chameleon,PNAU,2017,120.0,93.0,72.0,-3.0,30.0,20.0,198.0,0.0,4.0,48.0
Pack Up,Eliza Doolittle,2010,133.0,81.0,67.0,-6.0,21.0,87.0,191.0,30.0,8.0,46.0
Loca People - Radio Edit,Sak Noel,2011,128.0,81.0,93.0,-3.0,5.0,70.0,216.0,0.0,6.0,45.0
Look Right Through - MK Vocal Edit,Storm Queen,2013,120.0,82.0,83.0,-8.0,28.0,51.0,148.0,0.0,8.0,44.0
Hot - Malibu Breeze Radio Edit,INNA,2010,128.0,71.0,81.0,-8.0,26.0,51.0,224.0,6.0,14.0,43.0
Riverside,Sidney Samson,2009,126.0,98.0,80.0,-2.0,13.0,29.0,321.0,0.0,5.0,42.0
Hot Right Now - Edit,DJ Fresh,2010,175.0,96.0,51.0,-2.0,12.0,39.0,179.0,1.0,4.0,41.0
Louder,DJ Fresh,2012,140.0,93.0,39.0,-1.0,35.0,48.0,207.0,2.0,5.0,40.0
She Said,Plan B,2010,147.0,54.0,72.0,-6.0,16.0,83.0,211.0,30.0,14.0,39.0
R U Mine?,Arctic Monkeys,2012,97.0,79.0,52.0,-5.0,70.0,68.0,200.0,5.0,3.0,39.0
Read All About It,Professor Green,2021,101.0,75.0,66.0,-6.0,22.0,45.0,236.0,34.0,4.0,35.0
